timestamp,oi_contracts,openInterest,oi_usd
2025-11-08 20:30:00,10400717,1040071.7,41384452.943
2025-11-08 20:35:00,10406468,1040646.8,41352181.8916
2025-11-08 20:40:00,10415924,1041592.4,41426212.9328
2025-11-08 20:45:00,10427101,1042710.1,41441470.2144
2025-11-08 20:50:00,10430724,1043072.4,41496549.2892
2025-11-08 20:55:00,10447161,1044716.1,41486721.0471
2025-11-08 21:00:00,10423604,1042360.4,41543273.742
2025-11-08 21:05:00,10398398,1039839.8,41442815.229
2025-11-08 21:10:00,10395443,1039544.3,41360349.0641
2025-11-08 21:15:00,10398838,1039883.8,41316663.1416
2025-11-08 21:20:00,10408276,1040827.6,41389550.3416
2025-11-08 21:25:00,10410934,1041093.4,41390750.3038
2025-11-08 21:30:00,10407337,1040733.7,41389979.249
2025-11-08 21:35:00,10422623,1042262.3,41467447.8678
2025-11-08 21:40:00,10431419,1043141.9,41663087.486
2025-11-08 21:45:00,10420390,1042039.0,41685728.156
2025-11-08 21:50:00,10384414,1038441.4,41587501.1872
2025-11-08 21:55:00,10373228,1037322.8,41592494.9888
2025-11-08 22:00:00,10359065,1035906.5,41664159.43
2025-11-08 22:05:00,10341275,1034127.5,41580198.52
2025-11-08 22:10:00,10321680,1032168.0,41555083.68
2025-11-08 22:15:00,10306450,1030645.0,41456664.48
2025-11-08 22:20:00,10265653,1026565.3,41396245.7225
2025-11-08 22:25:00,10211927,1021192.7,41279672.5121
2025-11-08 22:30:00,10209232,1020923.2,41310636.3648
2025-11-08 22:35:00,10210846,1021084.6,41227311.8096
2025-11-08 22:40:00,10191780,1019178.0,41150330.928
2025-11-08 22:45:00,10183447,1018344.7,41036236.3759
2025-11-08 22:50:00,10182417,1018241.7,41114563.3626
2025-11-08 22:55:00,10180264,1018026.4,41072275.108
2025-11-08 23:00:00,10204145,1020414.5,41189031.2925
2025-11-08 23:05:00,10196511,1019651.1,41239788.7395
2025-11-08 23:10:00,10231777,1023177.7,41261687.1079
2025-11-08 23:15:00,10232920,1023292.0,41232527.848
2025-11-08 23:20:00,10268695,1026869.5,41217514.8605
2025-11-08 23:25:00,10263366,1026336.6,41277205.3788
2025-11-08 23:30:00,10262150,1026215.0,41372883.94
2025-11-08 23:35:00,10258903,1025890.3,41349534.4318
2025-11-08 23:40:00,10261945,1026194.5,41269438.012
2025-11-08 23:45:00,10262989,1026298.9,41272610.2635
2025-11-08 23:50:00,10260275,1026027.5,41284268.5175
2025-11-08 23:55:00,10249446,1024944.6,41151525.69
2025-11-09 00:00:00,10256465,1025646.5,41135604.1755
2025-11-09 00:05:00,10299129,1029912.9,41224323.6483
2025-11-09 00:10:00,10296601,1029660.1,41310992.8721
2025-11-09 00:15:00,10292283,1029228.3,41220593.415
2025-11-09 00:20:00,10256445,1025644.5,40909882.1715
2025-11-09 00:25:00,10257002,1025700.2,40928515.0806
2025-11-09 00:30:00,10252080,1025208.0,41041126.656
2025-11-09 00:35:00,10247432,1024743.2,41050187.8488
2025-11-09 00:40:00,10238543,1023854.3,41116964.8337
2025-11-09 00:45:00,10150581,1015058.1,40673378.067
2025-11-09 00:50:00,10155228,1015522.8,40795581.9216
2025-11-09 00:55:00,10167088,1016708.8,40688686.176
2025-11-09 01:00:00,10161797,1016179.7,40636010.0233
2025-11-09 01:05:00,10142253,1014225.3,40663334.9529
2025-11-09 01:10:00,10108809,1010880.9,40610118.3957
2025-11-09 01:15:00,10071572,1007157.2,40401103.9208
2025-11-09 01:20:00,10069023,1006902.3,40353623.4771
2025-11-09 01:25:00,10062244,1006224.4,40369722.928
2025-11-09 01:30:00,10060560,1006056.0,40294554.912
2025-11-09 01:35:00,10039905,1003990.5,40162631.9715
2025-11-09 01:40:00,10033267,1003326.7,40208317.5025
2025-11-09 01:45:00,10022205,1002220.5,40295277.423
2025-11-09 01:50:00,10041394,1004139.4,40429664.6622
2025-11-09 01:55:00,10036063,1003606.3,40366048.9923
2025-11-09 02:00:00,10035068,1003506.8,40365057.5232
2025-11-09 02:05:00,10040513,1004051.3,40492384.8777
2025-11-09 02:10:00,10049485,1004948.5,40483345.374
2025-11-09 02:15:00,10047127,1004712.7,40552213.9974
2025-11-09 02:20:00,10037081,1003708.1,40573896.2344
2025-11-09 02:25:00,10038402,1003840.2,40623405.2136
2025-11-09 02:30:00,10102259,1010225.9,40738369.6434
2025-11-09 02:35:00,10033180,1003318.0,40222015.302
2025-11-09 02:40:00,10046849,1004684.9,40154241.3983
2025-11-09 02:45:00,10256815,1025681.5,40776993.714
2025-11-09 02:50:00,10435673,1043567.3,41539196.3765
2025-11-09 02:55:00,10420811,1042081.1,41431060.3738
2025-11-09 03:00:00,10447018,1044701.8,41330492.6116
2025-11-09 03:05:00,10447621,1044762.1,41433175.3618
2025-11-09 03:10:00,10446839,1044683.9,41461414.6232
2025-11-09 03:15:00,10455909,1045590.9,41514141.0936
2025-11-09 03:20:00,10447513,1044751.3,41608265.2738
2025-11-09 03:25:00,10440663,1044066.3,41363818.6734
2025-11-09 03:30:00,10444248,1044424.8,41445909.3384
2025-11-09 03:35:00,10454387,1045438.7,41526916.0414
2025-11-09 03:40:00,10453548,1045354.8,41506857.6888
2025-11-09 03:45:00,10449736,1044973.6,41545015.4152
2025-11-09 03:50:00,10443740,1044374.0,41515955.248
2025-11-09 03:55:00,10491450,1049145.0,41782199.625
2025-11-09 04:00:00,10501856,1050185.6,42070435.136
2025-11-09 04:05:00,10468462,1046846.2,41853957.9222
2025-11-09 04:10:00,10462529,1046252.9,41801988.3666
2025-11-09 04:15:00,10449620,1044962.0,41790120.304
2025-11-09 04:20:00,10442087,1044208.7,41887387.7918
2025-11-09 04:25:00,10446732,1044673.2,41830804.2744
2025-11-09 04:30:00,10457183,1045718.3,41816183.3804
2025-11-09 04:35:00,10468592,1046859.2,41740370.0224
2025-11-09 04:40:00,10487681,1048768.1,41743067.9162
2025-11-09 04:45:00,10484862,1048486.2,41743381.0806
2025-11-09 04:50:00,10473874,1047387.4,41689160.6822
2025-11-09 04:55:00,10484553,1048455.3,41747393.1354
2025-11-09 05:00:00,10484801,1048480.1,41867907.3532
2025-11-09 05:05:00,10482939,1048293.9,41864665.1904
2025-11-09 05:10:00,10479456,1047945.6,41888481.5232
2025-11-09 05:15:00,10488117,1048811.7,41906320.2852
2025-11-09 05:20:00,10491138,1049113.8,42027498.828
2025-11-09 05:25:00,10493043,1049304.3,41951185.914
2025-11-09 05:30:00,10501251,1050125.1,42116317.2606
2025-11-09 05:35:00,10506605,1050660.5,42117827.4635
2025-11-09 05:40:00,10504201,1050420.1,42155459.4532
2025-11-09 05:45:00,10507411,1050741.1,42146276.2621
2025-11-09 05:50:00,10494549,1049454.9,42175493.5212
2025-11-09 05:55:00,10506858,1050685.8,42240721.2174
2025-11-09 06:00:00,10502573,1050257.3,42183584.4545
2025-11-09 06:05:00,10500000,1050000.0,42174300
2025-11-09 06:10:00,10511880,1051188.0,42135819.792
2025-11-09 06:15:00,10519744,1051974.4,42134730.6432
2025-11-09 06:20:00,10523425,1052342.5,42265231.8275
2025-11-09 06:25:00,10505250,1050525.0,42205892.4
2025-11-09 06:30:00,10513902,1051390.2,42261680.4792
2025-11-09 06:35:00,10520061,1052006.1,42246460.9638
2025-11-09 06:40:00,10517247,1051724.7,42273022.5918
2025-11-09 06:45:00,10502387,1050238.7,42147129.2697
2025-11-09 06:50:00,10508525,1050852.5,42047761.0825
2025-11-09 06:55:00,10507887,1050788.7,41968500.678
2025-11-09 07:00:00,10504124,1050412.4,41961874.5552
2025-11-09 07:05:00,10505909,1050590.9,42071963.1814
2025-11-09 07:10:00,10495366,1049536.6,41921640.4138
2025-11-09 07:15:00,10494139,1049413.9,42021680.7977
2025-11-09 07:20:00,10497162,1049716.2,41889974.6772
2025-11-09 07:25:00,10506230,1050623.0,41912503.339
2025-11-09 07:30:00,10504255,1050425.5,41991809.788
2025-11-09 07:35:00,10493181,1049318.1,42109135.353
2025-11-09 07:40:00,10482535,1048253.5,42058026.927
2025-11-09 07:45:00,10565681,1056568.1,42413813.2383
2025-11-09 07:50:00,10561169,1056116.9,42454843.2631
2025-11-09 07:55:00,10557078,1055707.8,42364498.3062
2025-11-09 08:00:00,10552437,1055243.7,42363813.5802
2025-11-09 08:05:00,10546077,1054607.7,42299260.2393
2025-11-09 08:10:00,10537240,1053724.0,42354436.18
2025-11-09 08:15:00,10531183,1053118.3,42452251.7913
2025-11-09 08:20:00,10520557,1052055.7,42359970.7048
2025-11-09 08:25:00,10513707,1051370.7,42345006.3132
2025-11-09 08:30:00,10502986,1050298.6,42399504.1834
2025-11-09 08:35:00,10487696,1048769.6,42369243.0704
2025-11-09 08:40:00,10386163,1038616.3,41702521.6776
2025-11-09 08:45:00,10361685,1036168.5,41666407.722
2025-11-09 08:50:00,10384215,1038421.5,41555551.587
2025-11-09 08:55:00,10404065,1040406.5,41536148.6995
2025-11-09 09:00:00,10419504,1041950.4,41700938.9088
2025-11-09 09:05:00,10422349,1042234.9,41708156.2282
2025-11-09 09:10:00,10431677,1043167.7,41870665.1426
2025-11-09 09:15:00,10423783,1042378.3,41728488.1056
2025-11-09 09:20:00,10422253,1042225.3,41746334.3915
2025-11-09 09:25:00,10407875,1040787.5,41798026
2025-11-09 09:30:00,10386754,1038675.4,41550132.0262
2025-11-09 09:35:00,10375363,1037536.3,41559554.0328
2025-11-09 09:40:00,10386332,1038633.2,41604530.0924
2025-11-09 09:45:00,10367350,1036735.0,41423783.66
2025-11-09 09:50:00,10348486,1034848.6,41219054.5866
2025-11-09 09:55:00,10327229,1032722.9,41098240.5284
2025-11-09 10:00:00,10301434,1030143.4,41034732.1956
2025-11-09 10:05:00,10422795,1042279.5,41255507.169
2025-11-09 10:10:00,10450828,1045082.8,41277635.3516
2025-11-09 10:15:00,10509237,1050923.7,41481009.3627
2025-11-09 10:20:00,10497722,1049772.2,41652861.3516
2025-11-09 10:25:00,10496526,1049652.6,41657562.7362
2025-11-09 10:30:00,10499136,1049913.6,41665821.216
2025-11-09 10:35:00,10623623,1062362.3,41826266.1133
2025-11-09 10:40:00,10594843,1059484.3,41791358.2135
2025-11-09 10:45:00,10660585,1066058.5,42267087.408
2025-11-09 10:50:00,10682547,1068254.7,42366981.402
2025-11-09 10:55:00,10672150,1067215.0,42312940.32
2025-11-09 11:00:00,10678690,1067869.0,42387992.086
2025-11-09 11:05:00,10682953,1068295.3,42512811.4635
2025-11-09 11:10:00,10699776,1069977.6,42509140.0704
2025-11-09 11:15:00,10706051,1070605.1,42683954.7319
2025-11-09 11:20:00,10680868,1068086.8,42526944.0288
2025-11-09 11:25:00,10657343,1065734.3,42419422.3429
2025-11-09 11:30:00,10644114,1064411.4,42351865.1946
2025-11-09 11:35:00,10620184,1062018.4,42168502.5904
2025-11-09 11:40:00,10621491,1062149.1,42064290.8073
2025-11-09 11:45:00,10619346,1061934.6,42253315.7994
2025-11-09 11:50:00,10638316,1063831.6,42404327.576
2025-11-09 11:55:00,10647322,1064732.2,42232602.713
2025-11-09 12:00:00,10654616,1065461.6,42312676.5208
2025-11-09 12:05:00,10651034,1065103.4,42224959.1896
2025-11-09 12:10:00,10650324,1065032.4,42240250.0164
2025-11-09 12:15:00,10659408,1065940.8,42218717.2656
2025-11-09 12:20:00,10701043,1070104.3,42742105.9506
2025-11-09 12:25:00,10758613,1075861.3,43005403.7449
2025-11-09 12:30:00,10760879,1076087.9,42868113.6723
2025-11-09 12:35:00,10759832,1075983.2,42851030.94
2025-11-09 12:40:00,10786361,1078636.1,42952368.1381
2025-11-09 12:45:00,10806214,1080621.4,43060601.5472
2025-11-09 12:50:00,10783487,1078348.7,43170611.8558
2025-11-09 12:55:00,10761656,1076165.6,43029405.3504
2025-11-09 13:00:00,10648252,1064825.2,42435413.8704
2025-11-09 13:05:00,10644896,1064489.6,42445458.3104
2025-11-09 13:10:00,10639190,1063919.0,42470582.561
2025-11-09 13:15:00,10679114,1067911.4,42849944.925
2025-11-09 13:20:00,10647749,1064774.9,42637846.0956
2025-11-09 13:25:00,10641370,1064137.0,42720844.002
2025-11-09 13:30:00,10636165,1063616.5,42703138.8585
2025-11-09 13:35:00,10636577,1063657.7,42677137.8971
2025-11-09 13:40:00,10634963,1063496.3,42640884.1485
2025-11-09 13:45:00,10627923,1062792.3,42560580.4458
2025-11-09 13:50:00,10607904,1060790.4,42649078.032
2025-11-09 13:55:00,10634348,1063434.8,42810694.7436
2025-11-09 14:00:00,10613440,1061344.0,42686194.336
2025-11-09 14:05:00,10607669,1060766.9,42508111.9837
2025-11-09 14:10:00,10582387,1058238.7,42546486.9335
2025-11-09 14:15:00,10598409,1059840.9,42657536.3841
2025-11-09 14:20:00,10627110,1062711.0,43006851.459
2025-11-09 14:25:00,10603223,1060322.3,43028939.2563
2025-11-09 14:30:00,10505384,1050538.4,43074175.4768
2025-11-09 14:35:00,10507344,1050734.4,42999203.8512
2025-11-09 14:40:00,10480578,1048057.8,42850891.2108
2025-11-09 14:45:00,10477096,1047709.6,42591490.6592
2025-11-09 14:50:00,10497689,1049768.9,42430609.1691
2025-11-09 14:55:00,10495815,1049581.5,42596215.596
2025-11-09 15:00:00,10500727,1050072.7,42343131.5548
2025-11-09 15:05:00,10444770,1044477.0,42400543.815
2025-11-09 15:10:00,10453434,1045343.4,42784860.0186
2025-11-09 15:15:00,10489801,1048980.1,42683000.269
2025-11-09 15:20:00,10480995,1048099.5,43024484.475
2025-11-09 15:25:00,10416728,1041672.8,42891919.2128
2025-11-09 15:30:00,10404812,1040481.2,42717996.1472
2025-11-09 15:35:00,10427767,1042776.7,42956143.3798
2025-11-09 15:40:00,10398274,1039827.4,42789937.3374
2025-11-09 15:45:00,10400196,1040019.6,42784326.3048
2025-11-09 15:50:00,10386777,1038677.7,42619023.3864
2025-11-09 15:55:00,10354605,1035460.5,42378291.8835
2025-11-09 16:00:00,10350155,1035015.5,42351799.2445
2025-11-09 16:05:00,10351204,1035120.4,42314686.8316
2025-11-09 16:10:00,10356191,1035619.1,42270864.8047
2025-11-09 16:15:00,10332408,1033240.8,42093196.9512
2025-11-09 16:20:00,10223587,1022358.7,41666228.8185
2025-11-09 16:25:00,10233703,1023370.3,41830261.0125
2025-11-09 16:30:00,10212338,1021233.8,41760292.5496
2025-11-09 16:35:00,10227211,1022721.1,41763838.8396
2025-11-09 16:40:00,10215105,1021510.5,41887038.0525
2025-11-09 16:45:00,10193328,1019332.8,41924138.7312
2025-11-09 16:50:00,10216349,1021634.9,42154699.2438
2025-11-09 16:55:00,10197131,1019713.1,42168195.8243
2025-11-09 17:00:00,10200140,1020014.0,42212259.376
2025-11-09 17:05:00,10189089,1018908.9,42079918.6611
2025-11-09 17:10:00,10195700,1019570.0,42163297.78
2025-11-09 17:15:00,10218360,1021836.0,42025049.172
2025-11-09 17:20:00,10243002,1024300.2,41994259.5996
2025-11-09 17:25:00,10225992,1022599.2,41914296.0096
2025-11-09 17:30:00,10218265,1021826.5,41965392.5285
2025-11-09 17:35:00,10214940,1021494.0,41961952.026
2025-11-09 17:40:00,10205123,1020512.3,41766506.9021
2025-11-09 17:45:00,10212906,1021290.6,41757508.7622
2025-11-09 17:50:00,10213823,1021382.3,41922636.5035
2025-11-09 17:55:00,10215338,1021533.8,41922725.6182
2025-11-09 18:00:00,10208334,1020833.4,41988919.4088
2025-11-09 18:05:00,10177004,1017700.4,42039168.1232
2025-11-09 18:10:00,10177136,1017713.6,41978650.5728
2025-11-09 18:15:00,10181854,1018185.4,41929892.9574
2025-11-09 18:20:00,10222478,1022247.8,41983717.146
2025-11-09 18:25:00,10211852,1021185.2,42049342.9804
2025-11-09 18:30:00,10212668,1021266.8,41998575.8832
2025-11-09 18:35:00,10208931,1020893.1,41945434.7997
2025-11-09 18:40:00,10208200,1020820.0,42051659.08
2025-11-09 18:45:00,10206944,1020694.4,42107726.7776
2025-11-09 18:50:00,10204202,1020420.2,42498460.4896
2025-11-09 18:55:00,10186254,1018625.4,42706888.5204
2025-11-09 19:00:00,10205051,1020505.1,42949998.1437
2025-11-09 19:05:00,10212455,1021245.5,43034264.1245
2025-11-09 19:10:00,10224701,1022470.1,42766856.8727
2025-11-09 19:15:00,10206583,1020658.3,42682909.4477
2025-11-09 19:20:00,10189337,1018933.7,42794196.4663
2025-11-09 19:25:00,10191162,1019116.2,42838549.467
2025-11-09 19:30:00,10198888,1019888.8,42907741.7048
2025-11-09 19:35:00,10214437,1021443.7,42940471.7043
2025-11-09 19:40:00,10207076,1020707.6,42929940.9484
2025-11-09 19:45:00,10208208,1020820.8,42992888.8128
2025-11-09 19:50:00,10212668,1021266.8,43166905.1024
2025-11-09 19:55:00,10220935,1022093.5,43295880.66
2025-11-09 20:00:00,10216776,1021677.6,43441731.552
2025-11-09 20:05:00,10217131,1021713.1,43602628.2556
2025-11-09 20:10:00,10244668,1024466.8,43392315.7808
2025-11-09 20:15:00,10262843,1026284.3,43237357.559
2025-11-09 20:20:00,10274353,1027435.3,43369071.4483
2025-11-09 20:25:00,10271916,1027191.6,43372138.1184
2025-11-09 20:30:00,10268712,1026871.2,43321642.1856
2025-11-09 20:35:00,10260957,1026095.7,43453100.7036
2025-11-09 20:40:00,10269611,1026961.1,43214523.088
2025-11-09 20:45:00,10255460,1025546.0,43130362.576
2025-11-09 20:50:00,10265007,1026500.7,43076075.3748
2025-11-09 20:55:00,10266401,1026640.1,43115804.2797
2025-11-09 21:00:00,10232022,1023202.2,42970399.5912
2025-11-09 21:05:00,10225859,1022585.9,42964969.1744
2025-11-09 21:10:00,10224737,1022473.7,42858007.6092
2025-11-09 21:15:00,10239484,1023948.4,42775444.41
2025-11-09 21:20:00,10246673,1024667.3,42912041.8567
2025-11-09 21:25:00,10243880,1024388.0,42893174.336
2025-11-09 21:30:00,10238482,1023848.2,42960670.472
2025-11-09 21:35:00,10234745,1023474.5,42833431.2995
2025-11-09 21:40:00,10232320,1023232.0,42924582.4
2025-11-09 21:45:00,10230143,1023014.3,42936933.1853
2025-11-09 21:50:00,10224143,1022414.3,43024216.1583
2025-11-09 21:55:00,10218143,1021814.3,42865109.885
2025-11-09 22:00:00,10234011,1023401.1,42913254.9252
2025-11-09 22:05:00,10233039,1023303.9,42826291.5189
2025-11-09 22:10:00,10227820,1022782.0,42764560.984
2025-11-09 22:15:00,10219570,1021957.0,42826130.042
2025-11-09 22:20:00,10218964,1021896.4,42903298.4576
2025-11-09 22:25:00,10215059,1021505.9,42865452.0817
2025-11-09 22:30:00,10220103,1022010.3,42789527.2404
2025-11-09 22:35:00,10202614,1020261.4,42859140.8912
2025-11-09 22:40:00,10207191,1020719.1,42923279.5932
2025-11-09 22:45:00,10196397,1019639.7,42965577.6786
2025-11-09 22:50:00,10187474,1018747.4,43030871.4286
2025-11-09 22:55:00,10191958,1019195.8,43111982.34
2025-11-09 23:00:00,10159572,1015957.2,42968893.8168
2025-11-09 23:05:00,10178925,1017892.5,43146427.29
2025-11-09 23:10:00,10179327,1017932.7,43015800.0366
2025-11-09 23:15:00,10237057,1023705.7,42993591.9886
2025-11-09 23:20:00,10255870,1025587.0,43123882.176
2025-11-09 23:25:00,10280638,1028063.8,42973066.84
2025-11-09 23:30:00,10308532,1030853.2,42972146.4952
2025-11-09 23:35:00,10296308,1029630.8,43208456.522
2025-11-09 23:40:00,10297381,1029738.1,42976119.6035
2025-11-09 23:45:00,10303509,1030350.9,42956359.3719
2025-11-09 23:50:00,10304845,1030484.5,42949563.4755
2025-11-09 23:55:00,10279592,1027959.2,42853563.1296
2025-11-10 00:00:00,10279441,1027944.1,42944420.6657
2025-11-10 00:05:00,10297871,1029787.1,42818547.618
2025-11-10 00:10:00,10298993,1029899.3,42987996.782
2025-11-10 00:15:00,10295649,1029564.9,43058463.2478
2025-11-10 00:20:00,10172199,1017219.9,42559463.3961
2025-11-10 00:25:00,10063033,1006303.3,42254675.567
2025-11-10 00:30:00,10053290,1005329.0,42188631.485
2025-11-10 00:35:00,10106256,1010625.6,42428083.9392
2025-11-10 00:40:00,10103306,1010330.6,42781438.9264
2025-11-10 00:45:00,10159618,1015961.8,43004647.0322
2025-11-10 00:50:00,10140462,1014046.2,43044233.0976
2025-11-10 00:55:00,10112190,1011219.0,43121411.817
2025-11-10 01:00:00,10074594,1007459.4,42591353.5944
2025-11-10 01:05:00,10080057,1008005.7,42659809.2297
2025-11-10 01:10:00,10065990,1006599.0,42323461.554
2025-11-10 01:15:00,10049395,1004939.5,42380308.594
2025-11-10 01:20:00,10056815,1005681.5,42362321.8245
2025-11-10 01:25:00,10082488,1008248.8,42459373.4656
2025-11-10 01:30:00,10095384,1009538.4,42409698.6456
2025-11-10 01:35:00,10110301,1011030.1,42390470.0328
2025-11-10 01:40:00,10123094,1012309.4,42274040.544
2025-11-10 01:45:00,10135540,1013554.0,42461831.276
2025-11-10 01:50:00,10125225,1012522.5,42565433.3775
2025-11-10 01:55:00,10144276,1014427.6,42577555.2272
2025-11-10 02:00:00,10147824,1014782.4,42719294.6928
2025-11-10 02:05:00,10138190,1013819.0,42634130.407
2025-11-10 02:10:00,10129021,1012902.1,42858926.5573
2025-11-10 02:15:00,10117677,1011767.7,42798785.4777
2025-11-10 02:20:00,10089227,1008922.7,42599743.1621
2025-11-10 02:25:00,10077781,1007778.1,42638083.6329
2025-11-10 02:30:00,10078940,1007894.0,42528087.33
2025-11-10 02:35:00,10071110,1007111.0,42579645.969
2025-11-10 02:40:00,10081410,1008141.0,42523387.38
2025-11-10 02:45:00,10071893,1007189.3,42406698.2872
2025-11-10 02:50:00,10074064,1007406.4,42625379.5968
2025-11-10 02:55:00,10095742,1009574.2,42792821.6154
2025-11-10 03:00:00,10076715,1007671.5,42957036.045
2025-11-10 03:05:00,10061284,1006128.4,43007964.5864
2025-11-10 03:10:00,10093082,1009308.2,43238763.288
2025-11-10 03:15:00,10102796,1010279.6,43113681.93
2025-11-10 03:20:00,10099626,1009962.6,43112273.5062
2025-11-10 03:25:00,10106911,1010691.1,43036237.7291
2025-11-10 03:30:00,10122785,1012278.5,43192911.3165
2025-11-10 03:35:00,10133392,1013339.2,43187503.3648
2025-11-10 03:40:00,10134199,1013419.9,43180808.5191
2025-11-10 03:45:00,10136200,1013620.0,43221770.42
2025-11-10 03:50:00,10124147,1012414.7,43189611.102
2025-11-10 03:55:00,10131865,1013186.5,43317775.621
2025-11-10 04:00:00,10137732,1013773.2,43300280.9184
2025-11-10 04:05:00,10119053,1011905.3,43232642.0372
2025-11-10 04:10:00,10096891,1009689.1,43315662.39
2025-11-10 04:15:00,10092087,1009208.7,43162846.8903
2025-11-10 04:20:00,10094478,1009447.8,43050929.7744
2025-11-10 04:25:00,10084694,1008469.4,43060634.9106
2025-11-10 04:30:00,10084889,1008488.9,43150214.5643
2025-11-10 04:35:00,10217962,1021796.2,43588804.0958
2025-11-10 04:40:00,10206565,1020656.5,43674912.2915
2025-11-10 04:45:00,10200089,1020008.9,43498279.5405
2025-11-10 04:50:00,10189573,1018957.3,43590993.294
2025-11-10 04:55:00,10180041,1018004.1,43629619.7178
2025-11-10 05:00:00,10177525,1017752.5,43664635.5075
2025-11-10 05:05:00,10186144,1018614.4,43771897.9968
2025-11-10 05:10:00,10189764,1018976.4,43706954.7252
2025-11-10 05:15:00,10196445,1019644.5,43775377.674
2025-11-10 05:20:00,10194113,1019411.3,43770462.9881
2025-11-10 05:25:00,10185654,1018565.4,43708678.4448
2025-11-10 05:30:00,10194363,1019436.3,43567649.1531
2025-11-10 05:35:00,10235232,1023523.2,43681923.1296
2025-11-10 05:40:00,10219447,1021944.7,43853690.9664
2025-11-10 05:45:00,10234648,1023464.8,43953719.3008
2025-11-10 05:50:00,10259782,1025978.2,44084231.2976
2025-11-10 05:55:00,10266882,1026688.2,44105498.3838
2025-11-10 06:00:00,10273651,1027365.1,44128413.1403
2025-11-10 06:05:00,10270720,1027072.0,44136365.056
2025-11-10 06:10:00,10268616,1026861.6,44082141.6264
2025-11-10 06:15:00,10267195,1026719.5,43823468.4185
2025-11-10 06:20:00,10258351,1025835.1,43912923.1257
2025-11-10 06:25:00,10219800,1021980.0,43674315.3
2025-11-10 06:30:00,10171851,1017185.1,43398202.2915
2025-11-10 06:35:00,10166889,1016688.9,43308913.7622
2025-11-10 06:40:00,10196099,1019609.9,43413969.9321
2025-11-10 06:45:00,10119773,1011977.3,43241790.029
2025-11-10 06:50:00,10095204,1009520.4,43296310.9152
2025-11-10 06:55:00,10087539,1008753.9,43122211.7172
2025-11-10 07:00:00,10090620,1009062.0,43072820.532
2025-11-10 07:05:00,10064391,1006439.1,42935698.4451
2025-11-10 07:10:00,10056887,1005688.7,43034425.1617
2025-11-10 07:15:00,10052124,1005212.4,43054252.3044
2025-11-10 07:20:00,10046572,1004657.2,43010379.3892
2025-11-10 07:25:00,10040389,1004038.9,43025074.9428
2025-11-10 07:30:00,10025951,1002595.1,42939142.9428
2025-11-10 07:35:00,10022184,1002218.4,42938042.9112
2025-11-10 07:40:00,10014511,1001451.1,42820046.1338
2025-11-10 07:45:00,10000741,1000074.1,42856175.4073
2025-11-10 07:50:00,10027352,1002735.2,43162736.684
2025-11-10 07:55:00,10074150,1007415.0,43484061.06
2025-11-10 08:00:00,10066836,1006683.6,43297461.636
2025-11-10 08:05:00,10074836,1007483.6,43305675.0624
2025-11-10 08:10:00,10065444,1006544.4,43286441.922
2025-11-10 08:15:00,10089289,1008928.9,43245719.4407
2025-11-10 08:20:00,10086413,1008641.3,43119415.575
2025-11-10 08:25:00,10049880,1004988.0,43086850.524
2025-11-10 08:30:00,10047921,1004792.1,42993044.3748
2025-11-10 08:35:00,10057717,1005771.7,42875041.7993
2025-11-10 08:40:00,10031375,1003137.5,42584190.0125
2025-11-10 08:45:00,9964368,996436.8,42169205.376
2025-11-10 08:50:00,9957010,995701.0,42167937.35
2025-11-10 08:55:00,9985394,998539.4,42429936.1848
2025-11-10 09:00:00,9984357,998435.7,42349648.6512
2025-11-10 09:05:00,9986811,998681.1,42499872.8916
2025-11-10 09:10:00,9979886,997988.6,42485372.6906
2025-11-10 09:15:00,9974221,997422.1,42520104.123
2025-11-10 09:20:00,9969039,996903.9,42482062.7946
2025-11-10 09:25:00,9964169,996416.9,42428428.0189
2025-11-10 09:30:00,9961088,996108.8,42715137.5616
2025-11-10 09:35:00,9977379,997737.9,42828897.0954
2025-11-10 09:40:00,9964097,996409.7,42786828.9277
2025-11-10 09:45:00,9966168,996616.8,42731938.5336
2025-11-10 09:50:00,9971865,997186.5,42839132.04
2025-11-10 09:55:00,9959563,995956.3,42799230.0799
2025-11-10 10:00:00,9957743,995774.3,42686852.6924
2025-11-10 10:05:00,9942934,994293.4,42610443.657
2025-11-10 10:10:00,9936163,993616.3,42448281.9523
2025-11-10 10:15:00,9933928,993392.8,42365222.7416
2025-11-10 10:20:00,9935114,993511.4,42506391.7376
2025-11-10 10:25:00,9927945,992794.5,42517417.257
2025-11-10 10:30:00,9923587,992358.7,42186160.6957
2025-11-10 10:35:00,9934285,993428.5,42056795.5475
2025-11-10 10:40:00,9947394,994739.4,41920307.7948
2025-11-10 10:45:00,9948405,994840.5,41955408.4065
2025-11-10 10:50:00,9941764,994176.4,41967168.3732
2025-11-10 10:55:00,9939314,993931.4,41953844.394
2025-11-10 11:00:00,9977754,997775.4,42100135.2276
2025-11-10 11:05:00,9989086,998908.6,42142954.9254
2025-11-10 11:10:00,10051649,1005164.9,42254116.9013
2025-11-10 11:15:00,10048990,1004899.0,42345438.961
2025-11-10 11:20:00,10080103,1008010.3,42323328.4661
2025-11-10 11:25:00,10087728,1008772.8,42499598.064
2025-11-10 11:30:00,10080100,1008010.0,42578342.4
2025-11-10 11:35:00,10079651,1007965.1,42518991.8133
2025-11-10 11:40:00,10072282,1007228.2,42573521.5576
2025-11-10 11:45:00,10040053,1004005.3,42593920.8472
2025-11-10 11:50:00,10033204,1003320.4,42490618.94
2025-11-10 11:55:00,10067244,1006724.4,42367996.374
2025-11-10 12:00:00,10096404,1009640.4,42428118.5292
2025-11-10 12:05:00,10086769,1008676.9,42245405.9258
2025-11-10 12:10:00,10071008,1007100.8,42193495.1168
2025-11-10 12:15:00,10074487,1007448.7,42269525.1059
2025-11-10 12:20:00,10071714,1007171.4,42251847.4014
2025-11-10 12:25:00,10075661,1007566.1,42256314.6679
2025-11-10 12:30:00,10071467,1007146.7,42203475.3168
2025-11-10 12:35:00,10064226,1006422.6,42112747.2744
2025-11-10 12:40:00,10095663,1009566.3,42140306.9283
2025-11-10 12:45:00,10064131,1006413.1,42227080.8498
2025-11-10 12:50:00,10041027,1004102.7,42128132.8812
2025-11-10 12:55:00,10041998,1004199.8,42083001.0186
2025-11-10 13:00:00,10118577,1011857.7,42386719.053
2025-11-10 13:05:00,10103219,1010321.9,42420385.6153
2025-11-10 13:10:00,10044329,1004432.9,42379032.9168
2025-11-10 13:15:00,10036833,1003683.3,42310269.5115
2025-11-10 13:20:00,10014218,1001421.8,42085752.5668
2025-11-10 13:25:00,10012841,1001284.1,42073957.882
2025-11-10 13:30:00,10007260,1000726.0,42243646.638
2025-11-10 13:35:00,10003594,1000359.4,42320204.417
2025-11-10 13:40:00,9994896,999489.6,42293402.424
2025-11-10 13:45:00,9988088,998808.8,42141740.8896
2025-11-10 13:50:00,9997661,999766.1,42090152.81
2025-11-10 13:55:00,10016184,1001618.4,42156115.2192
2025-11-10 14:00:00,10012805,1001280.5,42228003.807
2025-11-10 14:05:00,10030332,1003033.2,42007030.416
2025-11-10 14:10:00,10030850,1003085.0,42027255.33
2025-11-10 14:15:00,10023049,1002304.9,41914386.3082
2025-11-10 14:20:00,10002412,1000241.2,41863094.9436
2025-11-10 14:25:00,10010702,1001070.2,41814702.254
2025-11-10 14:30:00,10016186,1001618.6,41823586.2616
2025-11-10 14:35:00,9995868,999586.8,41682769.56
2025-11-10 14:40:00,10005370,1000537.0,41673366.587
2025-11-10 14:45:00,10010865,1001086.5,41601150.594
2025-11-10 14:50:00,10008498,1000849.8,41261033.8548
2025-11-10 14:55:00,10007066,1000706.6,41157061.0448
2025-11-10 15:00:00,9999642,999964.2,41525513.3334
2025-11-10 15:05:00,9956266,995626.6,41403132.161
2025-11-10 15:10:00,9944282,994428.2,41366224.2636
2025-11-10 15:15:00,10028167,1002816.7,41427360.6937
2025-11-10 15:20:00,10083488,1008348.8,41560104.1408
2025-11-10 15:25:00,10093791,1009379.1,41788294.74
2025-11-10 15:30:00,10080804,1008080.4,41836344.6804
2025-11-10 15:35:00,10088265,1008826.5,41817876.078
2025-11-10 15:40:00,10065935,1006593.5,41620628.038
2025-11-10 15:45:00,10054359,1005435.9,41714530.0551
2025-11-10 15:50:00,10094505,1009450.5,41618634.6645
2025-11-10 15:55:00,10047695,1004769.5,41352293.542
2025-11-10 16:00:00,10065782,1006578.2,41407607.4134
2025-11-10 16:05:00,10092326,1009232.6,41468358.3014
2025-11-10 16:10:00,10098455,1009845.5,41565240.78
2025-11-10 16:15:00,10011872,1001187.2,41453154.8288
2025-11-10 16:20:00,9976739,997673.9,41269778.5474
2025-11-10 16:25:00,9969417,996941.7,41069013.3315
2025-11-10 16:30:00,9974393,997439.3,41124422.339
2025-11-10 16:35:00,9969301,996930.1,41031649.0558
2025-11-10 16:40:00,9983893,998389.3,40877053.1099
2025-11-10 16:45:00,10000481,1000048.1,40911967.771
2025-11-10 16:50:00,9937801,993780.1,40724114.7179
2025-11-10 16:55:00,9936984,993698.4,40697911.6704
2025-11-10 17:00:00,9934154,993415.4,40651551.5834
2025-11-10 17:05:00,9931438,993143.8,40755642.1206
2025-11-10 17:10:00,9922284,992228.4,40852027.6848
2025-11-10 17:15:00,9905465,990546.5,40732262.6265
2025-11-10 17:20:00,9895271,989527.1,40709144.894
2025-11-10 17:25:00,9886184,988618.4,40712294.3304
2025-11-10 17:30:00,9872378,987237.8,40721584.7744
2025-11-10 17:35:00,9837569,983756.9,40705893.0082
2025-11-10 17:40:00,9831356,983135.6,40751953.7556
2025-11-10 17:45:00,9837348,983734.8,40806303.2388
2025-11-10 17:50:00,9779558,977955.8,40634063.49
2025-11-10 17:55:00,9761597,976159.7,40555530.8962
2025-11-10 18:00:00,9759949,975994.9,40625787.7125
2025-11-10 18:05:00,9736739,973673.9,40415256.2412
2025-11-10 18:10:00,9721335,972133.5,40295905.7085
2025-11-10 18:15:00,9718143,971814.3,40283646.3636
2025-11-10 18:20:00,9716635,971663.5,40320148.596
2025-11-10 18:25:00,9721277,972127.7,40402599.3397
2025-11-10 18:30:00,9722759,972275.9,40414592.3353
2025-11-10 18:35:00,9710300,971030.0,40352122.68
2025-11-10 18:40:00,9705660,970566.0,40403692.014
2025-11-10 18:45:00,9685792,968579.2,40369412.4768
2025-11-10 18:50:00,9651582,965158.2,40249992.4146
2025-11-10 18:55:00,9653558,965355.8,40265955.7738
2025-11-10 19:00:00,9651262,965126.2,40052737.3
2025-11-10 19:05:00,9665429,966542.9,40019708.7745
2025-11-10 19:10:00,9675378,967537.8,40133467.944
2025-11-10 19:15:00,9674734,967473.4,40131764.1054
2025-11-10 19:20:00,9667995,966799.5,40214025.2025
2025-11-10 19:25:00,9664601,966460.1,40196042.0191
2025-11-10 19:30:00,9658546,965854.6,40188244.0514
2025-11-10 19:35:00,9637360,963736.0,40022028.608
2025-11-10 19:40:00,9623460,962346.0,40029744.216
2025-11-10 19:45:00,9615692,961569.2,40201285.1136
2025-11-10 19:50:00,9605544,960554.4,40233781.5984
2025-11-10 19:55:00,9604640,960464.0,40101292.928
2025-11-10 20:00:00,9592227,959222.7,39930522.5556
2025-11-10 20:05:00,9586382,958638.2,40070118.1218
2025-11-10 20:10:00,9587062,958706.2,40123771.8824
2025-11-10 20:15:00,9538718,953871.8,40193296.0366
2025-11-10 20:20:00,9500492,950049.2,40222232.9804
2025-11-10 20:25:00,9507019,950701.9,40019796.4805
2025-11-10 20:30:00,9479076,947907.6,39863306.2104
2025-11-10 20:35:00,9458631,945863.1,39620313.5328
2025-11-10 20:40:00,9466003,946600.3,39842406.627
2025-11-10 20:45:00,9471392,947139.2,39977798.4928
2025-11-10 20:50:00,9463541,946354.1,39924786.7708
2025-11-10 20:55:00,9470489,947048.9,39899170.157
2025-11-10 21:00:00,9465204,946520.4,39891102.258
2025-11-10 21:05:00,9454223,945422.3,39691664.4209
2025-11-10 21:10:00,9452523,945252.3,39581494.8102
2025-11-10 21:15:00,9452475,945247.5,39580348.5675
2025-11-10 21:20:00,9445049,944504.9,39609701.9913
2025-11-10 21:25:00,9443350,944335.0,39502477.385
2025-11-10 21:30:00,9388548,938854.8,39141795.4668
2025-11-10 21:35:00,9395329,939532.9,39157852.2062
2025-11-10 21:40:00,9404201,940420.1,39302977.2393
2025-11-10 21:45:00,9484213,948421.3,39412595.5428
2025-11-10 21:50:00,9511831,951183.1,39387540.9879
2025-11-10 21:55:00,9506841,950684.1,39384940.8948
2025-11-10 22:00:00,9506058,950605.8,39452992.5174
2025-11-10 22:05:00,9509415,950941.5,39501158.9685
2025-11-10 22:10:00,9497516,949751.6,39490671.528
2025-11-10 22:15:00,9524344,952434.4,39365066.1864
2025-11-10 22:20:00,9511756,951175.6,39500420.3168
2025-11-10 22:25:00,9507582,950758.2,39526821.4068
2025-11-10 22:30:00,9503358,950335.8,39593840.4354
2025-11-10 22:35:00,9500768,950076.8,39641004.4032
2025-11-10 22:40:00,9486868,948686.8,39620006.8284
2025-11-10 22:45:00,9476113,947611.3,39610152.34
2025-11-10 22:50:00,9470659,947065.9,39662172.8261
2025-11-10 22:55:00,9485489,948548.9,39828619.7621
2025-11-10 23:00:00,9501428,950142.8,39840437.7468
2025-11-10 23:05:00,9504038,950403.8,39757291.7616
2025-11-10 23:10:00,9517541,951754.1,39734781.9209
2025-11-10 23:15:00,9513876,951387.6,39779418.3312
2025-11-10 23:20:00,9513587,951358.7,39791528.9862
2025-11-10 23:25:00,9504518,950451.8,39872403.4618
2025-11-10 23:30:00,9503776,950377.6,39842680.1248
2025-11-10 23:35:00,9544994,954499.4,39806442.9776
2025-11-10 23:40:00,9554221,955422.1,39759890.6915
2025-11-10 23:45:00,9556957,955695.7,39857289.1685
2025-11-10 23:50:00,9559625,955962.5,39883711.4625
2025-11-10 23:55:00,9560677,956067.7,39757119.2368
2025-11-11 00:00:00,9585777,958577.7,39781933.1277
2025-11-11 00:05:00,9664513,966451.3,39901874.8231
2025-11-11 00:10:00,9661452,966145.2,39948171.7296
2025-11-11 00:15:00,9671778,967177.8,39755843.469
2025-11-11 00:20:00,9662644,966264.4,39759847.5312
2025-11-11 00:25:00,9689643,968964.3,39787612.0866
2025-11-11 00:30:00,9708796,970879.6,39715771.7972
2025-11-11 00:35:00,9714231,971423.1,39716633.4435
2025-11-11 00:40:00,9735278,973527.8,39705331.323
2025-11-11 00:45:00,9749858,974985.8,39735546.279
2025-11-11 00:50:00,9768863,976886.3,39755364.8648
2025-11-11 00:55:00,9780538,978053.8,39798965.2296
2025-11-11 01:00:00,9778885,977888.5,39962391.441
2025-11-11 01:05:00,9840377,984037.7,40238285.5907
2025-11-11 01:10:00,9835457,983545.7,40319472.4258
2025-11-11 01:15:00,9864203,986420.3,40333739.6467
2025-11-11 01:20:00,9857131,985713.1,40747408.1278
2025-11-11 01:25:00,9708231,970823.1,40318283.343
2025-11-11 01:30:00,9677155,967715.5,40176644.4135
2025-11-11 01:35:00,9707819,970781.9,40151539.384
2025-11-11 01:40:00,9712784,971278.4,39970048.7168
2025-11-11 01:45:00,9685506,968550.6,39989517.1728
2025-11-11 01:50:00,9670940,967094.0,40060901.856
2025-11-11 01:55:00,9658530,965853.0,40020119.055
2025-11-11 02:00:00,9642439,964243.9,39693100.1435
2025-11-11 02:05:00,9629646,962964.6,39458437.4496
2025-11-11 02:10:00,9642886,964288.6,39595618.4932
2025-11-11 02:15:00,9633085,963308.5,39801980.603
2025-11-11 02:20:00,9636820,963682.0,39715262.584
2025-11-11 02:25:00,9636502,963650.2,39786225.8074
2025-11-11 02:30:00,9623944,962394.4,39908570.9792
2025-11-11 02:35:00,9579754,957975.4,39905423.2624
2025-11-11 02:40:00,9558130,955813.0,39830639.336
2025-11-11 02:45:00,9563374,956337.4,39947169.5354
2025-11-11 02:50:00,9611391,961139.1,39881505.8154
2025-11-11 02:55:00,9613175,961317.5,39886024.3925
2025-11-11 03:00:00,9615023,961502.3,39983111.6432
2025-11-11 03:05:00,9618024,961802.4,40083115.02
2025-11-11 03:10:00,9613075,961307.5,40077870.9825
2025-11-11 03:15:00,9607420,960742.0,40162858.568
2025-11-11 03:20:00,9586363,958636.3,40135225.9721
2025-11-11 03:25:00,9612696,961269.6,40305073.0584
2025-11-11 03:30:00,9606292,960629.2,40108190.3584
2025-11-11 03:35:00,9552866,955286.6,39733235.5538
2025-11-11 03:40:00,9623385,962338.5,39986127.0135
2025-11-11 03:45:00,9632986,963298.6,40015423.844
2025-11-11 03:50:00,9626961,962696.1,40084740.2118
2025-11-11 03:55:00,9624068,962406.8,40054408.6092
2025-11-11 04:00:00,9628997,962899.7,39971892.3464
2025-11-11 04:05:00,9631391,963139.1,39958714.9808
2025-11-11 04:10:00,9640365,964036.5,39974737.509
2025-11-11 04:15:00,9667243,966724.3,39851275.8189
2025-11-11 04:20:00,9675249,967524.9,40032310.2624
2025-11-11 04:25:00,9654668,965466.8,39880537.1076
2025-11-11 04:30:00,9682758,968275.8,39777738.1398
2025-11-11 04:35:00,9688512,968851.2,39872102.2848
2025-11-11 04:40:00,9678508,967850.8,39756407.3116
2025-11-11 04:45:00,9630283,963028.3,39633429.6865
2025-11-11 04:50:00,9660134,966013.4,39722471.008
2025-11-11 04:55:00,9711456,971145.6,39627596.208
2025-11-11 05:00:00,9890670,989067.0,40305469.317
2025-11-11 05:05:00,9889002,988900.2,40183959.627
2025-11-11 05:10:00,9873286,987328.6,40151692.1762
2025-11-11 05:15:00,9848509,984850.9,39932749.4423
2025-11-11 05:20:00,9853447,985344.7,39910401.7288
2025-11-11 05:25:00,9859231,985923.1,39961435.0892
2025-11-11 05:30:00,9847527,984752.7,39833246.715
2025-11-11 05:35:00,9853310,985331.0,39815255.048
2025-11-11 05:40:00,9930686,993068.6,40109047.6854
2025-11-11 05:45:00,9911771,991177.1,40068334.2675
2025-11-11 05:50:00,9967400,996740.0,40290224.28
2025-11-11 05:55:00,9979460,997946.0,40257141.64
2025-11-11 06:00:00,9941696,994169.6,39963629.5808
2025-11-11 06:05:00,9910412,991041.2,39823999.5808
2025-11-11 06:10:00,9892983,989298.3,39622386.2133
2025-11-11 06:15:00,9927525,992752.5,39813346.26
2025-11-11 06:20:00,9943444,994344.4,39889119.9504
2025-11-11 06:25:00,9998007,999800.7,40064013.6504
2025-11-11 06:30:00,10017641,1001764.1,40105625.7435
2025-11-11 06:35:00,10050833,1005083.3,40326957.2459
2025-11-11 06:40:00,10060291,1006029.1,40337742.7936
2025-11-11 06:45:00,10086792,1008679.2,40401636.6768
2025-11-11 06:50:00,10138434,1013843.4,40446268.5996
2025-11-11 06:55:00,10145202,1014520.2,40671100.2978
2025-11-11 07:00:00,10133733,1013373.3,40851104.4696
2025-11-11 07:05:00,10118298,1011829.8,40601694.3846
2025-11-11 07:10:00,10129689,1012968.9,40643351.1747
2025-11-11 07:15:00,10171240,1017124.0,40715473.72
2025-11-11 07:20:00,10188436,1018843.6,40741517.8768
2025-11-11 07:25:00,10134736,1013473.6,40662587.7792
2025-11-11 07:30:00,10122063,1012206.3,40643119.5639
2025-11-11 07:35:00,10157434,1015743.4,40614499.849
2025-11-11 07:40:00,10126454,1012645.4,40356957.1262
2025-11-11 07:45:00,10143869,1014386.9,40455778.3458
2025-11-11 07:50:00,10144514,1014451.4,40389368.0396
2025-11-11 07:55:00,10149657,1014965.7,40414919.2083
2025-11-11 08:00:00,10143816,1014381.6,40385574.6408
2025-11-11 08:05:00,10161376,1016137.6,40459550.8192
2025-11-11 08:10:00,10164570,1016457.0,40341145.416
2025-11-11 08:15:00,10189333,1018933.3,40602454.1384
2025-11-11 08:20:00,10205785,1020578.5,40691485.3735
2025-11-11 08:25:00,10212356,1021235.6,40722790.7856
2025-11-11 08:30:00,10204645,1020464.5,40644080.5705
2025-11-11 08:35:00,10211339,1021133.9,40681974.576
2025-11-11 08:40:00,10215490,1021549.0,40708727.65
2025-11-11 08:45:00,10253075,1025307.5,40775453.9675
2025-11-11 08:50:00,10248905,1024890.5,40820363.7245
2025-11-11 08:55:00,10217812,1021781.2,40856943.0632
2025-11-11 09:00:00,10202312,1020231.2,40879643.9528
2025-11-11 09:05:00,10242635,1024263.5,41065796.5055
2025-11-11 09:10:00,10228665,1022866.5,41034335.3805
2025-11-11 09:15:00,10218847,1021884.7,40877431.7694
2025-11-11 09:20:00,10218773,1021877.3,40881223.2638
2025-11-11 09:25:00,10222058,1022205.8,40962853.0234
2025-11-11 09:30:00,10223165,1022316.5,41003070.182
2025-11-11 09:35:00,10227412,1022741.2,41011922.12
2025-11-11 09:40:00,10183294,1018329.4,41005069.9498
2025-11-11 09:45:00,10124346,1012434.6,40741380.7386
2025-11-11 09:50:00,10099578,1009957.8,40673020.5216
2025-11-11 09:55:00,10082599,1008259.9,40426180.6905
2025-11-11 10:00:00,10113796,1011379.6,40456195.3796
2025-11-11 10:05:00,10095523,1009552.3,40498190.5145
2025-11-11 10:10:00,10055080,1005508.0,40411366.52
2025-11-11 10:15:00,10053662,1005366.2,40408683.6766
2025-11-11 10:20:00,10055804,1005580.4,40456510.6528
2025-11-11 10:25:00,10055804,1005580.4,40408242.7936
2025-11-11 10:30:00,10050304,1005030.4,40409257.2928
2025-11-11 10:35:00,10040324,1004032.4,40308888.7628
2025-11-11 10:40:00,10033299,1003329.9,40331855.3202
2025-11-11 10:45:00,10032241,1003224.1,40299512.097
2025-11-11 10:50:00,10043457,1004345.7,40294349.484
2025-11-11 10:55:00,10026521,1002652.1,40202338.6016
2025-11-11 11:00:00,10026221,1002622.1,40255277.315
2025-11-11 11:05:00,10030591,1003059.1,40348052.2975
2025-11-11 11:10:00,10023180,1002318.0,40357331.952
2025-11-11 11:15:00,10021080,1002108.0,40350880.728
2025-11-11 11:20:00,10051318,1005131.8,40489724.2994
2025-11-11 11:25:00,10080515,1008051.5,40682942.437
2025-11-11 11:30:00,10077186,1007718.6,40643306.5752
2025-11-11 11:35:00,10069760,1006976.0,40589188.608
2025-11-11 11:40:00,10064245,1006424.5,40519656.7945
2025-11-11 11:45:00,10035577,1003557.7,40559788.0032
2025-11-11 11:50:00,10032413,1003241.3,40525932.3135
2025-11-11 11:55:00,10001302,1000130.2,40198233.1286
2025-11-11 12:00:00,10016666,1001666.6,40350135.6478
2025-11-11 12:05:00,10009792,1000979.2,40292415.7376
2025-11-11 12:10:00,10022261,1002226.1,40454856.5265
2025-11-11 12:15:00,10016670,1001667.0,40284041.739
2025-11-11 12:20:00,10018929,1001892.9,40194941.2551
2025-11-11 12:25:00,10008963,1000896.3,40106915.6373
2025-11-11 12:30:00,10011608,1001160.8,40170575.9392
2025-11-11 12:35:00,10011158,1001115.8,40149749.159
2025-11-11 12:40:00,10005649,1000564.9,40056615.2066
2025-11-11 12:45:00,10005316,1000531.6,40059284.2008
2025-11-11 12:50:00,10000437,1000043.7,40092751.9767
2025-11-11 12:55:00,10000998,1000099.8,40088000.3832
2025-11-11 13:00:00,9989880,998988.0,40010468.388
2025-11-11 13:05:00,9992620,999262.0,40042426.864
2025-11-11 13:10:00,9999877,999987.7,40188505.6753
2025-11-11 13:15:00,10001539,1000153.9,40161179.8545
2025-11-11 13:20:00,10004108,1000410.8,40082459.1128
2025-11-11 13:25:00,10005452,1000545.2,39980785.6468
2025-11-11 13:30:00,9968362,996836.2,39862482.8018
2025-11-11 13:35:00,9927454,992745.4,39694924.819
2025-11-11 13:40:00,9913488,991348.8,39721363.7184
2025-11-11 13:45:00,9908827,990882.7,39709624.2025
2025-11-11 13:50:00,9899204,989920.4,39838356.5776
2025-11-11 13:55:00,9882549,988254.9,39674481.2154
2025-11-11 14:00:00,9886820,988682.0,39629340.606
2025-11-11 14:05:00,9880274,988027.4,39521096
2025-11-11 14:10:00,9876313,987631.3,39411427.0265
2025-11-11 14:15:00,9886366,988636.6,39432759.4276
2025-11-11 14:20:00,9890527,989052.7,39558151.7892
2025-11-11 14:25:00,9893242,989324.2,39685750.9588
2025-11-11 14:30:00,9882052,988205.2,39688297.2424
2025-11-11 14:35:00,9865996,986599.6,39520220.1772
2025-11-11 14:40:00,9860926,986092.6,39648811.2608
2025-11-11 14:45:00,9861085,986108.5,39499562.076
2025-11-11 14:50:00,9861943,986194.3,39355069.7358
2025-11-11 14:55:00,9897936,989793.6,39459111.6576
2025-11-11 15:00:00,9936704,993670.4,40168132.2496
2025-11-11 15:05:00,9929054,992905.4,39896924.7828
2025-11-11 15:10:00,9942091,994209.1,39984107.3747
2025-11-11 15:15:00,9950340,995034.0,39980466.12
2025-11-11 15:20:00,9944717,994471.7,39934005.5852
2025-11-11 15:25:00,9935987,993598.7,39782698.3493
2025-11-11 15:30:00,9936135,993613.5,39450430.404
2025-11-11 15:35:00,9917225,991722.5,39460638.275
2025-11-11 15:40:00,9977832,997783.2,39663877.7664
2025-11-11 15:45:00,9986146,998614.6,39688938.6624
2025-11-11 15:50:00,9967473,996747.3,39460228.8597
2025-11-11 15:55:00,9968931,996893.1,39562699.5666
2025-11-11 16:00:00,9918514,991851.4,39554041.9806
2025-11-11 16:05:00,9900039,990003.9,39356615.0406
2025-11-11 16:10:00,9865476,986547.6,38870961.9876
2025-11-11 16:15:00,9833898,983389.8,38954036.7576
2025-11-11 16:20:00,9829076,982907.6,38943782.0196
2025-11-11 16:25:00,9864213,986421.3,39196436.7768
2025-11-11 16:30:00,9863242,986324.2,39065342.5894
2025-11-11 16:35:00,9848858,984885.8,39080268.544
2025-11-11 16:40:00,9848757,984875.7,38995168.4658
2025-11-11 16:45:00,9850879,985087.9,39015391.3674
2025-11-11 16:50:00,9844565,984456.5,39142974.8965
2025-11-11 16:55:00,9867491,986749.1,39136442.8042
2025-11-11 17:00:00,9866000,986600.0,39066400.2
2025-11-11 17:05:00,9868395,986839.5,38980160.25
2025-11-11 17:10:00,9871758,987175.8,39241225.2258
2025-11-11 17:15:00,9874518,987451.8,39244296.8874
2025-11-11 17:20:00,9882611,988261.1,39391099.1849
2025-11-11 17:25:00,9909235,990923.5,39453619.1525
2025-11-11 17:30:00,9911281,991128.1,39419146.7932
2025-11-11 17:35:00,9911036,991103.6,39385465.9604
2025-11-11 17:40:00,9927391,992739.1,39219150.8846
2025-11-11 17:45:00,9924236,992423.6,39306921.5252
2025-11-11 17:50:00,9927674,992767.4,39155739.0234
2025-11-11 17:55:00,9941029,994102.9,39339634.0617
2025-11-11 18:00:00,9935457,993545.7,39421906.2846
2025-11-11 18:05:00,9936174,993617.4,39408853.3188
2025-11-11 18:10:00,9939233,993923.3,39260964.2733
2025-11-11 18:15:00,9937151,993715.1,39336212.2335
2025-11-11 18:20:00,9935562,993556.2,39275276.586
2025-11-11 18:25:00,9937946,993794.6,39283706.7434
2025-11-11 18:30:00,9946570,994657.0,39307849.983
2025-11-11 18:35:00,9945078,994507.8,39261178.9284
2025-11-11 18:40:00,9943968,994396.8,39143435.6352
2025-11-11 18:45:00,10029202,1002920.2,39230226.5432
2025-11-11 18:50:00,10010863,1001086.3,39461820.8597
2025-11-11 18:55:00,10027705,1002770.5,39509157.7
2025-11-11 19:00:00,10044386,1004438.6,39594969.612
2025-11-11 19:05:00,10030259,1003025.9,39408887.611
2025-11-11 19:10:00,10017937,1001793.7,39391530.0777
2025-11-11 19:15:00,10012607,1001260.7,39456680.4049
2025-11-11 19:20:00,10001827,1000182.7,39528220.4867
2025-11-11 19:25:00,10007577,1000757.7,39546942.0309
2025-11-11 19:30:00,10005694,1000569.4,39527494.147
2025-11-11 19:35:00,10003756,1000375.6,39445810.2836
2025-11-11 19:40:00,10002879,1000287.9,39329319.6522
2025-11-11 19:45:00,10009764,1000976.4,39388421.34
2025-11-11 19:50:00,10018934,1001893.4,39521688.9498
2025-11-11 19:55:00,10015434,1001543.4,39477836.1978
2025-11-11 20:00:00,10009177,1000917.7,39346074.787
2025-11-11 20:05:00,10006016,1000601.6,39296626.6368
2025-11-11 20:10:00,9995938,999593.8,39004150.076
2025-11-11 20:15:00,10015213,1001521.3,39197540.6394
2025-11-11 20:20:00,10019685,1001968.5,39297204.57
2025-11-11 20:25:00,10021817,1002181.7,39332625.1799
2025-11-11 20:30:00,10020296,1002029.6,39287576.5568
2025-11-11 20:35:00,10017080,1001708.0,39065610.292
2025-11-11 20:40:00,10029222,1002922.2,39150070.9992
2025-11-11 20:45:00,10033862,1003386.2,39216346.2408
2025-11-11 20:50:00,10038476,1003847.6,39226348.8176
2025-11-11 20:55:00,10041065,1004106.5,39184252.056
2025-11-11 21:00:00,10043363,1004336.3,39166102.6911
2025-11-11 21:05:00,10036562,1003656.2,39189763.6414
2025-11-11 21:10:00,10035650,1003565.0,39267491.32
2025-11-11 21:15:00,10048175,1004817.5,39536554.1725
2025-11-11 21:20:00,10049415,1004941.5,39334415.2515
2025-11-11 21:25:00,10047025,1004702.5,39328074.66
2025-11-11 21:30:00,10050683,1005068.3,39221785.3392
2025-11-11 21:35:00,10046834,1004683.4,39085198.3102
2025-11-11 21:40:00,10038725,1003872.5,38954268.49
2025-11-11 21:45:00,10092521,1009252.1,38994473.3877
2025-11-11 21:50:00,10085176,1008517.6,38988281.8984
2025-11-11 21:55:00,10065338,1006533.8,39058544.109
2025-11-11 22:00:00,10073672,1007367.2,39057641.0784
2025-11-11 22:05:00,10083487,1008348.7,39047295.0588
2025-11-11 22:10:00,10104670,1010467.0,39117198.504
2025-11-11 22:15:00,10102312,1010231.2,39155551.0808
2025-11-11 22:20:00,10125983,1012598.3,39181478.6202
2025-11-11 22:25:00,10135241,1013524.1,39365276.044
2025-11-11 22:30:00,10120955,1012095.5,39371527.0455
2025-11-11 22:35:00,10118578,1011857.8,39326865.2548
2025-11-11 22:40:00,10105084,1010508.4,39388606.9236
2025-11-11 22:45:00,10111705,1011170.5,39419470.772
2025-11-11 22:50:00,10116643,1011664.3,39534829.1797
2025-11-11 22:55:00,10119966,1011996.6,39507335.2674
2025-11-11 23:00:00,10117046,1011704.6,39385660.078
2025-11-11 23:05:00,10130684,1013068.4,39227021.5164
2025-11-11 23:10:00,10181079,1018107.9,39453717.3408
2025-11-11 23:15:00,10180593,1018059.3,39515971.7295
2025-11-11 23:20:00,10183515,1018351.5,39495744.576
2025-11-11 23:25:00,10174357,1017435.7,39529411.8164
2025-11-11 23:30:00,10182936,1018293.6,39541358.7816
2025-11-11 23:35:00,10179473,1017947.3,39408811.7722
2025-11-11 23:40:00,10165668,1016566.8,39345201.4272
2025-11-11 23:45:00,10165483,1016548.3,39423776.1706
2025-11-11 23:50:00,10189724,1018972.4,39461744.1348
2025-11-11 23:55:00,10204458,1020445.8,39424923.483
2025-11-12 00:00:00,10208010,1020801.0,39495811.491
2025-11-12 00:05:00,10198366,1019836.6,39584957.629
2025-11-12 00:10:00,10214057,1021405.7,39589684.932
2025-11-12 00:15:00,10204795,1020479.5,39375201.5075
2025-11-12 00:20:00,10180834,1018083.4,39454804.0836
2025-11-12 00:25:00,10175472,1017547.2,39585638.7216
2025-11-12 00:30:00,10187048,1018704.8,39432025.3984
2025-11-12 00:35:00,10174309,1017430.9,39263675.8619
2025-11-12 00:40:00,10183729,1018372.9,39240962.9557
2025-11-12 00:45:00,10188301,1018830.1,39339067.8212
2025-11-12 00:50:00,10193886,1019388.6,39460532.706
2025-11-12 00:55:00,10200629,1020062.9,39278542.0274
2025-11-12 01:00:00,10209012,1020901.2,39212815.092
2025-11-12 01:05:00,10197817,1019781.7,39291169.1193
2025-11-12 01:10:00,10187451,1018745.1,39482485.0956
2025-11-12 01:15:00,10179466,1017946.6,39527884.4246
2025-11-12 01:20:00,10203603,1020360.3,39652221.6183
2025-11-12 01:25:00,10194834,1019483.4,39482553.1152
2025-11-12 01:30:00,10190403,1019040.3,39470487.9399
2025-11-12 01:35:00,10186661,1018666.1,39462106.0479
2025-11-12 01:40:00,10181927,1018192.7,39464130.8593
2025-11-12 01:45:00,10183702,1018370.2,39440459.4758
2025-11-12 01:50:00,10195169,1019516.9,39527689.7299
2025-11-12 01:55:00,10198791,1019879.1,39643720.4961
2025-11-12 02:00:00,10216838,1021683.8,39742478.1362
2025-11-12 02:05:00,10211289,1021128.9,39915928.701
2025-11-12 02:10:00,10199141,1019914.1,40042847.4801
2025-11-12 02:15:00,10197170,1019717.0,39966788.098
2025-11-12 02:20:00,10203522,1020352.2,40066169.8374
2025-11-12 02:25:00,10219331,1021933.1,40047514.3228
2025-11-12 02:30:00,10198459,1019845.9,39822942.7032
2025-11-12 02:35:00,10224593,1022459.3,39814565.142
2025-11-12 02:40:00,10226262,1022626.2,39983661.7938
2025-11-12 02:45:00,10229063,1022906.3,39938353.5772
2025-11-12 02:50:00,10226268,1022626.8,40002092.5356
2025-11-12 02:55:00,10249172,1024917.2,40299744.304
2025-11-12 03:00:00,10251447,1025144.7,40133389.8603
2025-11-12 03:05:00,10248353,1024835.3,40116152.9832
2025-11-12 03:10:00,10246896,1024689.6,40076634.9456
2025-11-12 03:15:00,10239905,1023990.5,40086156.1035
2025-11-12 03:20:00,10243065,1024306.5,40182519.6885
2025-11-12 03:25:00,10244139,1024413.9,40189806.1248
2025-11-12 03:30:00,10248550,1024855.0,40125122.96
2025-11-12 03:35:00,10248600,1024860.0,40083299.46
2025-11-12 03:40:00,10255422,1025542.2,40111006.5264
2025-11-12 03:45:00,10252366,1025236.6,40111356.7384
2025-11-12 03:50:00,10256341,1025634.1,40174087.697
2025-11-12 03:55:00,10254252,1025425.2,40127964.3516
2025-11-12 04:00:00,10246107,1024610.7,40063302.9807
2025-11-12 04:05:00,10229213,1022921.3,39933824.6307
2025-11-12 04:10:00,10235637,1023563.7,40048976.8899
2025-11-12 04:15:00,10240727,1024072.7,40097566.5685
2025-11-12 04:20:00,10243900,1024390.0,40059795.34
2025-11-12 04:25:00,10241147,1024114.7,40138127.4371
2025-11-12 04:30:00,10248824,1024882.4,40054453.9568
2025-11-12 04:35:00,10245147,1024514.7,39965293.9323
2025-11-12 04:40:00,10242990,1024299.0,39977365.671
2025-11-12 04:45:00,10247397,1024739.7,39891067.0416
2025-11-12 04:50:00,10240821,1024082.1,39915648.0117
2025-11-12 04:55:00,10232484,1023248.4,39903617.8548
2025-11-12 05:00:00,10231958,1023195.8,39992631.0388
2025-11-12 05:05:00,10228681,1022868.1,39998234.1824
2025-11-12 05:10:00,10229600,1022960.0,40024332.96
2025-11-12 05:15:00,10223173,1022317.3,40100396.0925
2025-11-12 05:20:00,10229461,1022946.1,40190529.3229
2025-11-12 05:25:00,10227263,1022726.3,40100075.4967
2025-11-12 05:30:00,10247633,1024763.3,40150226.094
2025-11-12 05:35:00,10256768,1025676.8,40074218.2528
2025-11-12 05:40:00,10242461,1024246.1,40058264.971
2025-11-12 05:45:00,10236182,1023618.2,40034731.4202
2025-11-12 05:50:00,10239353,1023935.3,39984673.465
2025-11-12 05:55:00,10242155,1024215.5,40037608.1105
2025-11-12 06:00:00,10243185,1024318.5,39974029.4625
2025-11-12 06:05:00,10241820,1024182.0,40073169.114
2025-11-12 06:10:00,10245391,1024539.1,40169104.4937
2025-11-12 06:15:00,10248959,1024895.9,40177969.0718
2025-11-12 06:20:00,10263916,1026391.6,40316662.048
2025-11-12 06:25:00,10324486,1032448.6,40729064.8214
2025-11-12 06:30:00,10302905,1030290.5,40632596.739
2025-11-12 06:35:00,10341494,1034149.4,40793057.2324
2025-11-12 06:40:00,10329508,1032950.8,40739579.552
2025-11-12 06:45:00,10365946,1036594.6,41015975.1328
2025-11-12 06:50:00,10376099,1037609.9,41115292.2875
2025-11-12 06:55:00,10375347,1037534.7,41070811.0995
2025-11-12 07:00:00,10365995,1036599.5,41037937.6055
2025-11-12 07:05:00,10327723,1032772.3,40760424.3641
2025-11-12 07:10:00,10331096,1033109.6,40873948.2144
2025-11-12 07:15:00,10330932,1033093.2,40910490.72
2025-11-12 07:20:00,10325778,1032577.8,40773399.5886
2025-11-12 07:25:00,10325143,1032514.3,40747144.3352
2025-11-12 07:30:00,10324870,1032487.0,40750196.916
2025-11-12 07:35:00,10332207,1033220.7,40663433.8692
2025-11-12 07:40:00,10332033,1033203.3,40680313.5309
2025-11-12 07:45:00,10339720,1033972.0,40602012.496
2025-11-12 07:50:00,10365628,1036562.8,40768014.924
2025-11-12 07:55:00,10396732,1039673.2,40882029.5704
2025-11-12 08:00:00,10414478,1041447.8,40890364.9714
2025-11-12 08:05:00,10409462,1040946.2,41019525.9572
2025-11-12 08:10:00,10431653,1043165.3,41272835.0945
2025-11-12 08:15:00,10422282,1042228.2,41321221.4454
2025-11-12 08:20:00,10266666,1026666.6,40851064.014
2025-11-12 08:25:00,10153498,1015349.8,40429198.3364
2025-11-12 08:30:00,10128249,1012824.9,40295238.6465
2025-11-12 08:35:00,10123595,1012359.5,40311142.9305
2025-11-12 08:40:00,10078118,1007811.8,40175409.5952
2025-11-12 08:45:00,10074282,1007428.2,40119820.6368
2025-11-12 08:50:00,10071037,1007103.7,40167323.9708
2025-11-12 08:55:00,10062100,1006210.0,40050176.63
2025-11-12 09:00:00,10053899,1005389.9,40010496.4604
2025-11-12 09:05:00,10067218,1006721.8,40084641.9106
2025-11-12 09:10:00,10041777,1004177.7,39921084.4635
2025-11-12 09:15:00,10032351,1003235.1,40060180.7781
2025-11-12 09:20:00,10024528,1002452.8,40056008.9824
2025-11-12 09:25:00,10025319,1002531.9,40096263.3405
2025-11-12 09:30:00,10013487,1001348.7,39913759.182
2025-11-12 09:35:00,10013972,1001397.2,39834579.2188
2025-11-12 09:40:00,10031054,1003105.4,39951681.8712
2025-11-12 09:45:00,10046685,1004668.5,39981787.626
2025-11-12 09:50:00,10045475,1004547.5,39943822.2425
2025-11-12 09:55:00,10036924,1003692.4,39976064.5996
2025-11-12 10:00:00,10039363,1003936.3,40004853.6824
2025-11-12 10:05:00,10035359,1003535.9,40015994.0125
2025-11-12 10:10:00,10029940,1002994.0,40067604.312
2025-11-12 10:15:00,10027231,1002723.1,40068815.076
2025-11-12 10:20:00,10023489,1002348.9,39913533.198
2025-11-12 10:25:00,10006960,1000696.0,40046853.224
2025-11-12 10:30:00,10005979,1000597.9,40077948.2866
2025-11-12 10:35:00,9981218,998121.8,40148451.2832
2025-11-12 10:40:00,10016891,1001689.1,40175746.4228
2025-11-12 10:45:00,10017262,1001726.2,40282415.6806
2025-11-12 10:50:00,10003658,1000365.8,40312741.0084
2025-11-12 10:55:00,9972278,997227.8,40282019.7532
2025-11-12 11:00:00,9900841,990084.1,40125138.3207
2025-11-12 11:05:00,9886456,988645.6,40036192.2176
2025-11-12 11:10:00,9851757,985175.7,40131132.1395
2025-11-12 11:15:00,9886440,988644.0,40157730.636
2025-11-12 11:20:00,9875487,987548.7,40149779.9472
2025-11-12 11:25:00,9877617,987761.7,40075467.6924
2025-11-12 11:30:00,9856585,985658.5,39840316.57
2025-11-12 11:35:00,9852573,985257.3,39880259.7321
2025-11-12 11:40:00,9818874,981887.4,39582826.7562
2025-11-12 11:45:00,9797120,979712.0,39478474.752
2025-11-12 11:50:00,9801342,980134.2,39464123.4288
2025-11-12 11:55:00,9798886,979888.6,39632574.3156
2025-11-12 12:00:00,9798620,979862.0,39576626.18
2025-11-12 12:05:00,9807041,980704.1,39487069.8824
2025-11-12 12:10:00,9853848,985384.8,39731700.5208
2025-11-12 12:15:00,9853012,985301.2,39735226.7936
2025-11-12 12:20:00,9815751,981575.1,39748883.6745
2025-11-12 12:25:00,9806674,980667.4,39760179.0656
2025-11-12 12:30:00,9816572,981657.2,39760061.5716
2025-11-12 12:35:00,9825930,982593.0,39662366.445
2025-11-12 12:40:00,9833380,983338.0,39666871.582
2025-11-12 12:45:00,9793297,979329.7,39412144.4468
2025-11-12 12:50:00,9815516,981551.6,39501562.5904
2025-11-12 12:55:00,9815966,981596.6,39457238.5302
2025-11-12 13:00:00,9827157,982715.7,39489447.6888
2025-11-12 13:05:00,9819545,981954.5,39380303.268
2025-11-12 13:10:00,9817046,981704.6,39340830.1404
2025-11-12 13:15:00,9818342,981834.2,39314605.0364
2025-11-12 13:20:00,9816285,981628.5,39114950.8395
2025-11-12 13:25:00,9821291,982129.1,39168290.6371
2025-11-12 13:30:00,9823313,982331.3,39363979.8536
2025-11-12 13:35:00,9834873,983487.3,39343425.9492
2025-11-12 13:40:00,9804761,980476.1,39258263.044
2025-11-12 13:45:00,9797500,979750.0,39352638.5
2025-11-12 13:50:00,9758511,975851.1,39335581.9899
2025-11-12 13:55:00,9779592,977959.2,39251370.4512
2025-11-12 14:00:00,9793756,979375.6,39252394.6724
2025-11-12 14:05:00,9817819,981781.9,39192733.448
2025-11-12 14:10:00,9812808,981280.8,39285576.828
2025-11-12 14:15:00,9819255,981925.5,39343790.934
2025-11-12 14:20:00,9820087,982008.7,39189021.1909
2025-11-12 14:25:00,9783426,978342.6,38979125.8692
2025-11-12 14:30:00,9762092,976209.2,38693027.8512
2025-11-12 14:35:00,9776685,977668.5,38692208.556
2025-11-12 14:40:00,9757173,975717.3,38562299.1306
2025-11-12 14:45:00,9753976,975397.6,38632572.7432
2025-11-12 14:50:00,9825842,982584.2,38390547.2782
2025-11-12 14:55:00,9817650,981765.0,38755173.375
2025-11-12 15:00:00,9824268,982426.8,38600531.3988
2025-11-12 15:05:00,9823769,982376.9,38681090.4375
2025-11-12 15:10:00,9824246,982424.6,38714406.2122
2025-11-12 15:15:00,9820005,982000.5,38469869.5875
2025-11-12 15:20:00,9811875,981187.5,38329108.5
2025-11-12 15:25:00,9812538,981253.8,38483792.7822
2025-11-12 15:30:00,9803333,980333.3,38504551.0241
2025-11-12 15:35:00,9792746,979274.6,38499201.6244
2025-11-12 15:40:00,9798308,979830.8,38205562.5536
2025-11-12 15:45:00,9808875,980887.5,38264421.375
2025-11-12 15:50:00,9810400,981040.0,38239958.16
2025-11-12 15:55:00,9804554,980455.4,38034806.3322
2025-11-12 16:00:00,9835464,983546.4,38121274.9176
2025-11-12 16:05:00,9958035,995803.5,38366317.248
2025-11-12 16:10:00,9896668,989666.8,37953721.78
2025-11-12 16:15:00,9944427,994442.7,37469606.4933
2025-11-12 16:20:00,9942122,994212.2,37874513.759
2025-11-12 16:25:00,10596611,1059661.1,39861271.5987
2025-11-12 16:30:00,10650905,1065090.5,40218882.3705
2025-11-12 16:35:00,10637614,1063761.4,40487822.6454
2025-11-12 16:40:00,10701151,1070115.1,41029283.0491
2025-11-12 16:45:00,10706739,1070673.9,41215591.7805
2025-11-12 16:50:00,10744014,1074401.4,41165689.641
2025-11-12 16:55:00,10739147,1073914.7,41246915.7976
2025-11-12 17:00:00,10798536,1079853.6,41695307.2032
2025-11-12 17:05:00,10760021,1076002.1,41506781.0075
2025-11-12 17:10:00,10755901,1075590.1,41453242.454
2025-11-12 17:15:00,10755182,1075518.2,41398846.5544
2025-11-12 17:20:00,10768906,1076890.6,41216910.8244
2025-11-12 17:25:00,10759820,1075982.0,41102512.4
2025-11-12 17:30:00,10748883,1074888.3,41167147.0017
2025-11-12 17:35:00,10760389,1076038.9,41279004.2818
2025-11-12 17:40:00,10723346,1072334.6,41507927.6968
2025-11-12 17:45:00,10686151,1068615.1,41202592.4107
2025-11-12 17:50:00,10670233,1067023.3,41167892.9606
2025-11-12 17:55:00,10664317,1066431.7,41318896.2165
2025-11-12 18:00:00,10681809,1068180.9,41546896.1055
2025-11-12 18:05:00,10665908,1066590.8,41483982.5752
2025-11-12 18:10:00,10659077,1065907.7,41493654.9456
2025-11-12 18:15:00,10666875,1066687.5,41397075.1875
2025-11-12 18:20:00,10660232,1066023.2,41399010.972
2025-11-12 18:25:00,10656040,1065604.0,41295351.812
2025-11-12 18:30:00,10656777,1065677.7,41215085.0475
2025-11-12 18:35:00,10654788,1065478.8,41243618.8692
2025-11-12 18:40:00,10661425,1066142.5,41389784.135
2025-11-12 18:45:00,10671331,1067133.1,41355676.1574
2025-11-12 18:50:00,10669084,1066908.4,41131452.6368
2025-11-12 18:55:00,10660251,1066025.1,41007853.5468
2025-11-12 19:00:00,10662649,1066264.9,40995752.8752
2025-11-12 19:05:00,10652225,1065222.5,40767130.2975
2025-11-12 19:10:00,10627658,1062765.8,40700741.8426
2025-11-12 19:15:00,10624359,1062435.9,40772040.0984
2025-11-12 19:20:00,10621509,1062150.9,40705871.0916
2025-11-12 19:25:00,10608259,1060825.9,40648726.8362
2025-11-12 19:30:00,10606707,1060670.7,40571714.9457
2025-11-12 19:35:00,10615061,1061506.1,40492211.6906
2025-11-12 19:40:00,10573957,1057395.7,40405204.4884
2025-11-12 19:45:00,10532472,1053247.2,40448905.4688
2025-11-12 19:50:00,10524032,1052403.2,40236531.5456
2025-11-12 19:55:00,10516737,1051673.7,40357978.2375
2025-11-12 20:00:00,10515551,1051555.1,40371303.3992
2025-11-12 20:05:00,10507789,1050778.9,40333097.2976
2025-11-12 20:10:00,10501270,1050127.0,40602110.328
2025-11-12 20:15:00,10526200,1052620.0,40623763.66
2025-11-12 20:20:00,10516923,1051692.3,40601632.9338
2025-11-12 20:25:00,10521154,1052115.4,40576934.6318
2025-11-12 20:30:00,10513261,1051326.1,40645318.3521
2025-11-12 20:35:00,10513254,1051325.4,40774604.3136
2025-11-12 20:40:00,10584289,1058428.9,41191935.9302
2025-11-12 20:45:00,10598106,1059810.6,41089916.7726
2025-11-12 20:50:00,10580720,1058072.0,40835230.768
2025-11-12 20:55:00,10550914,1055091.4,40635790.1796
2025-11-12 21:00:00,10537369,1053736.9,40644739.7068
2025-11-12 21:05:00,10520219,1052021.9,40487062.8215
2025-11-12 21:10:00,10516217,1051621.7,40423286.5263
2025-11-12 21:15:00,10492885,1049288.5,40508831.831
2025-11-12 21:20:00,10486557,1048655.7,40457136.906
2025-11-12 21:25:00,10477975,1047797.5,40449174.69
2025-11-12 21:30:00,10476133,1047613.3,40387587.9416
2025-11-12 21:35:00,10470836,1047083.6,40489675.7284
2025-11-12 21:40:00,10462825,1046282.5,40351977.1775
2025-11-12 21:45:00,10487058,1048705.8,40298617.7766
2025-11-12 21:50:00,10419616,1041961.6,40078010.9824
2025-11-12 21:55:00,10411714,1041171.4,40086140.0714
2025-11-12 22:00:00,10408128,1040812.8,40083782.5536
2025-11-12 22:05:00,10401125,1040112.5,39997526.1875
2025-11-12 22:10:00,10403194,1040319.4,39804700.8828
2025-11-12 22:15:00,10393276,1039327.6,39709589.6132
2025-11-12 22:20:00,10405692,1040569.2,39696674.4108
2025-11-12 22:25:00,10413121,1041312.1,39810402.8951
2025-11-12 22:30:00,10411531,1041153.1,39743937.2863
2025-11-12 22:35:00,10412952,1041295.2,39766022.3928
2025-11-12 22:40:00,10412083,1041208.3,39862659.7655
2025-11-12 22:45:00,10410947,1041094.7,39807296.9492
2025-11-12 22:50:00,10410798,1041079.8,39849411.5046
2025-11-12 22:55:00,10409845,1040984.5,39921755.575
2025-11-12 23:00:00,10414829,1041482.9,40027312.2957
2025-11-12 23:05:00,10407490,1040749.0,39780549.027
2025-11-12 23:10:00,10409295,1040929.5,39763506.9
2025-11-12 23:15:00,10413732,1041373.2,39830442.1536
2025-11-12 23:20:00,10419768,1041976.8,39946264.5816
2025-11-12 23:25:00,10417401,1041740.1,39967400.6766
2025-11-12 23:30:00,10427747,1042774.7,39975810.8992
2025-11-12 23:35:00,10425561,1042556.1,39995579.6643
2025-11-12 23:40:00,10430290,1043029.0,39933408.294
2025-11-12 23:45:00,10432985,1043298.5,39895734.64
2025-11-12 23:50:00,10431906,1043190.6,39837362.6328
2025-11-12 23:55:00,10429681,1042968.1,39858068.9096
2025-11-13 00:00:00,10433054,1043305.4,40007632.1738
2025-11-13 00:05:00,10430186,1043018.6,40092591.9654
2025-11-13 00:10:00,10408944,1040894.4,40050493.8288
2025-11-13 00:15:00,10400692,1040069.2,39945937.7644
2025-11-13 00:20:00,10409052,1040905.2,40025927.6556
2025-11-13 00:25:00,10388034,1038803.4,39682289.88
2025-11-13 00:30:00,10392515,1039251.5,39666151.252
2025-11-13 00:35:00,10388893,1038889.3,39854910.2159
2025-11-13 00:40:00,10374465,1037446.5,39895005.1575
2025-11-13 00:45:00,10371330,1037133.0,39747085.092
2025-11-13 00:50:00,10361984,1036198.4,39708158.8864
2025-11-13 00:55:00,10361526,1036152.6,39816235.9602
2025-11-13 01:00:00,10356977,1035697.7,39752149.1214
2025-11-13 01:05:00,10350508,1035050.8,39756301.228
2025-11-13 01:10:00,10354706,1035470.6,39859405.2764
2025-11-13 01:15:00,10328134,1032813.4,39932697.2976
2025-11-13 01:20:00,10356550,1035655.0,40056028.435
2025-11-13 01:25:00,10399612,1039961.2,40177861.0008
2025-11-13 01:30:00,10436549,1043654.9,40289253.7596
2025-11-13 01:35:00,10415705,1041570.5,40356690.593
2025-11-13 01:40:00,10438340,1043834.0,40533118.054
2025-11-13 01:45:00,10518764,1051876.4,41012660.836
2025-11-13 01:50:00,10531837,1053183.7,40835091.6001
2025-11-13 01:55:00,10539399,1053939.9,40896029.9397
2025-11-13 02:00:00,10509849,1050984.9,40706747.1468
2025-11-13 02:05:00,10492698,1049269.8,40665500.3688
2025-11-13 02:10:00,10500426,1050042.6,40661849.6424
2025-11-13 02:15:00,10513912,1051391.2,40706713.0904
2025-11-13 02:20:00,10502101,1050210.1,40580118.264
2025-11-13 02:25:00,10503371,1050337.1,40526206.6664
2025-11-13 02:30:00,10497786,1049778.6,40380783.6276
2025-11-13 02:35:00,10479599,1047959.9,40514129.734
2025-11-13 02:40:00,10474776,1047477.6,40469297.076
2025-11-13 02:45:00,10468893,1046889.3,40435052.3232
2025-11-13 02:50:00,10462628,1046262.8,40377373.9776
2025-11-13 02:55:00,10460200,1046020.0,40289552.34
2025-11-13 03:00:00,10444078,1044407.8,40140769.3852
2025-11-13 03:05:00,10436011,1043601.1,40170293.5412
2025-11-13 03:10:00,10453415,1045341.5,40153657.698
2025-11-13 03:15:00,10469907,1046990.7,39843231.0885
2025-11-13 03:20:00,10464038,1046403.8,40037502.1956
2025-11-13 03:25:00,10446866,1044686.6,40092982.3348
2025-11-13 03:30:00,10407560,1040756.0,40185670.672
2025-11-13 03:35:00,10353174,1035317.4,39877320.2958
2025-11-13 03:40:00,10339711,1033971.1,40063278.2117
2025-11-13 03:45:00,10379792,1037979.2,40164605.144
2025-11-13 03:50:00,10394876,1039487.6,40367461.4584
2025-11-13 03:55:00,10391092,1039109.2,40222878.0228
2025-11-13 04:00:00,10382016,1038201.6,40017480.672
2025-11-13 04:05:00,10386402,1038640.2,39875474.5584
2025-11-13 04:10:00,10409639,1040963.9,39937620.9874
2025-11-13 04:15:00,10404680,1040468.0,40092353.444
2025-11-13 04:20:00,10396809,1039680.9,40095293.9085
2025-11-13 04:25:00,10354325,1035432.5,40067096.02
2025-11-13 04:30:00,10352819,1035281.9,39893552.7346
2025-11-13 04:35:00,10369899,1036989.9,39857743.7964
2025-11-13 04:40:00,10380508,1038050.8,39907863.006
2025-11-13 04:45:00,10380650,1038065.0,39992492.19
2025-11-13 04:50:00,10377110,1037711.0,39904138.794
2025-11-13 04:55:00,10385093,1038509.3,39963914.8826
2025-11-13 05:00:00,10378063,1037806.3,39996016.9957
2025-11-13 05:05:00,10378732,1037873.2,39949815.2144
2025-11-13 05:10:00,10378724,1037872.4,39886474.2044
2025-11-13 05:15:00,10392705,1039270.5,39868494.921
2025-11-13 05:20:00,10397916,1039791.6,40007021.6016
2025-11-13 05:25:00,10404060,1040406.0,40080600.744
2025-11-13 05:30:00,10396072,1039607.2,40117402.2408
2025-11-13 05:35:00,10396206,1039620.6,40139751.366
2025-11-13 05:40:00,10391426,1039142.6,40356142.0136
2025-11-13 05:45:00,10374569,1037456.9,40433845.2206
2025-11-13 05:50:00,10366765,1036676.5,40641865.506
2025-11-13 05:55:00,10380061,1038006.1,40962834.7243
2025-11-13 06:00:00,10363844,1036384.4,40800381.0592
2025-11-13 06:05:00,10354028,1035402.8,40586754.3572
2025-11-13 06:10:00,10306070,1030607.0,40557477.271
2025-11-13 06:15:00,10307717,1030771.7,40600035.7196
2025-11-13 06:20:00,10307738,1030773.8,40701134.2668
2025-11-13 06:25:00,10282651,1028265.1,40517758.0004
2025-11-13 06:30:00,10284358,1028435.8,40540939.236
2025-11-13 06:35:00,10301508,1030150.8,40605454.0836
2025-11-13 06:40:00,10367289,1036728.9,41089713.2226
2025-11-13 06:45:00,10364641,1036464.1,40973498.8012
2025-11-13 06:50:00,10390576,1039057.6,41130056.0384
2025-11-13 06:55:00,10376026,1037602.6,41047558.856
2025-11-13 07:00:00,10384525,1038452.5,41011604.5825
2025-11-13 07:05:00,10391346,1039134.6,41005290.4506
2025-11-13 07:10:00,10395580,1039558.0,41118677.132
2025-11-13 07:15:00,10343746,1034374.6,40982956.0266
2025-11-13 07:20:00,10377075,1037707.5,41229156.6825
2025-11-13 07:25:00,10383239,1038323.9,41332559.4873
2025-11-13 07:30:00,10431399,1043139.9,41390748.0921
2025-11-13 07:35:00,10454914,1045491.4,41372185.6808
2025-11-13 07:40:00,10452295,1045229.5,41308515.0695
2025-11-13 07:45:00,10435360,1043536.0,41247847.472
2025-11-13 07:50:00,10410780,1041078.0,40984117.626
2025-11-13 07:55:00,10383241,1038324.1,40776025.7311
2025-11-13 08:00:00,10417936,1041793.6,40815389.6608
2025-11-13 08:05:00,10396082,1039608.2,40760958.3056
2025-11-13 08:10:00,10389498,1038949.8,40744494.3066
2025-11-13 08:15:00,10384077,1038407.7,40683775.2783
2025-11-13 08:20:00,10382119,1038211.9,40719708.9299
2025-11-13 08:25:00,10379555,1037955.5,40745981.108
2025-11-13 08:30:00,10366339,1036633.9,40763554.8497
2025-11-13 08:35:00,10369634,1036963.4,40779622.6684
2025-11-13 08:40:00,10360888,1036088.8,40805321.2992
2025-11-13 08:45:00,10362273,1036227.3,40771399.3458
2025-11-13 08:50:00,10369535,1036953.5,40648577.2
2025-11-13 08:55:00,10359023,1035902.3,40537964.7059
2025-11-13 09:00:00,10336948,1033694.8,40497061.1796
2025-11-13 09:05:00,10355473,1035547.3,40426731.0447
2025-11-13 09:10:00,10325417,1032541.7,40051260.0013
2025-11-13 09:15:00,10269217,1026921.7,39840454.2732
2025-11-13 09:20:00,10233810,1023381.0,39781889.613
2025-11-13 09:25:00,10225050,1022505.0,39802029.63
2025-11-13 09:30:00,10235536,1023553.6,39744586.288
2025-11-13 09:35:00,10250043,1025004.3,39852167.184
2025-11-13 09:40:00,10257781,1025778.1,39833015.1792
2025-11-13 09:45:00,10258171,1025817.1,39822219.822
2025-11-13 09:50:00,10251840,1025184.0,39782265.12
2025-11-13 09:55:00,10237408,1023740.8,39614673.9968
2025-11-13 10:00:00,10238346,1023834.6,39675638.4192
2025-11-13 10:05:00,10228261,1022826.1,39818620.073
2025-11-13 10:10:00,10197736,1019773.6,39677351.2288
2025-11-13 10:15:00,10168083,1016808.3,39536557.1289
2025-11-13 10:20:00,10162225,1016222.5,39717023.9675
2025-11-13 10:25:00,10141623,1014162.3,39580726.2444
2025-11-13 10:30:00,10130435,1013043.5,39534022.5875
2025-11-13 10:35:00,10128055,1012805.5,39418390.06
2025-11-13 10:40:00,10173407,1017340.7,39469767.1379
2025-11-13 10:45:00,10176226,1017622.6,39536673.2552
2025-11-13 10:50:00,10172029,1017202.9,39488833.7809
2025-11-13 10:55:00,10171065,1017106.5,39434236.1115
2025-11-13 11:00:00,10166904,1016690.4,39452670.972
2025-11-13 11:05:00,10148361,1014836.1,39481183.6344
2025-11-13 11:10:00,10148918,1014891.8,39456963.4004
2025-11-13 11:15:00,10147253,1014725.3,39498182.3025
2025-11-13 11:20:00,10149568,1014956.8,39553881.4528
2025-11-13 11:25:00,10155768,1015576.8,39588199.2408
2025-11-13 11:30:00,10155553,1015555.3,39593454.4811
2025-11-13 11:35:00,10240772,1024077.2,39932866.3368
2025-11-13 11:40:00,10228906,1022890.6,39902962.306
2025-11-13 11:45:00,10223223,1022322.3,39946221.5502
2025-11-13 11:50:00,10218850,1021885.0,39954681.615
2025-11-13 11:55:00,10219338,1021933.8,39879944.6112
2025-11-13 12:00:00,10223389,1022338.9,39910065.9782
2025-11-13 12:05:00,10218460,1021846.0,39901042.608
2025-11-13 12:10:00,10271797,1027179.7,40076443.1752
2025-11-13 12:15:00,10280036,1028003.6,40100364.4288
2025-11-13 12:20:00,10275078,1027507.8,40183775.0424
2025-11-13 12:25:00,10273292,1027329.2,40134669.8564
2025-11-13 12:30:00,10268311,1026831.1,40140881.3612
2025-11-13 12:35:00,10238721,1023872.1,40042613.9589
2025-11-13 12:40:00,10206510,1020651.0,39963589.905
2025-11-13 12:45:00,10200873,1020087.3,39916016.049
2025-11-13 12:50:00,10171401,1017140.1,39822052.0551
2025-11-13 12:55:00,10169497,1016949.7,39738326.4772
2025-11-13 13:00:00,10169740,1016974.0,39758598.53
2025-11-13 13:05:00,10171220,1017122.0,39698271.66
2025-11-13 13:10:00,10170967,1017096.7,39687113.234
2025-11-13 13:15:00,10182979,1018297.9,39712599.8021
2025-11-13 13:20:00,10184732,1018473.2,39727584.1124
2025-11-13 13:25:00,10200369,1020036.9,39721256.9229
2025-11-13 13:30:00,10181268,1018126.8,39497211.0792
2025-11-13 13:35:00,10416187,1041618.7,40278353.5103
2025-11-13 13:40:00,10416759,1041675.9,40221189.8508
2025-11-13 13:45:00,10414991,1041499.1,40223736.7411
2025-11-13 13:50:00,10401052,1040105.2,40179263.876
2025-11-13 13:55:00,10400971,1040097.1,40224715.2454
2025-11-13 14:00:00,10409332,1040933.2,40212290.4492
2025-11-13 14:05:00,10402944,1040294.4,40110631.1808
2025-11-13 14:10:00,10397839,1039783.9,40057674.7475
2025-11-13 14:15:00,10398919,1039891.9,40024399.3391
2025-11-13 14:20:00,10389353,1038935.3,39985502.8911
2025-11-13 14:25:00,10389600,1038960.0,40170349.44
2025-11-13 14:30:00,10384337,1038433.7,40161423.3475
2025-11-13 14:35:00,10381989,1038198.9,40083821.3301
2025-11-13 14:40:00,10443049,1044304.9,40190074.0765
2025-11-13 14:45:00,10424263,1042426.3,40051060.8723
2025-11-13 14:50:00,10423303,1042330.3,40256880.8466
2025-11-13 14:55:00,10405333,1040533.3,40535015.2348
2025-11-13 15:00:00,10403314,1040331.4,40400229.5876
2025-11-13 15:05:00,10380670,1038067.0,40054853.262
2025-11-13 15:10:00,10371318,1037131.8,40254196.5534
2025-11-13 15:15:00,10344843,1034484.3,40261094.4717
2025-11-13 15:20:00,10342974,1034297.4,40118327.5512
2025-11-13 15:25:00,10323651,1032365.1,39953561.7351
2025-11-13 15:30:00,10354596,1035459.6,39999804.348
2025-11-13 15:35:00,10373722,1037372.2,39938829.7
2025-11-13 15:40:00,10359599,1035959.9,39924858.5861
2025-11-13 15:45:00,10407272,1040727.2,39833833.58
2025-11-13 15:50:00,10419324,1041932.4,39762224.2488
2025-11-13 15:55:00,10398295,1039829.5,39858744.394
2025-11-13 16:00:00,10400016,1040001.6,39866381.3328
2025-11-13 16:05:00,10401604,1040160.4,39825661.3952
2025-11-13 16:10:00,10405940,1040594.0,40024367.022
2025-11-13 16:15:00,10405118,1040511.8,39905708.5536
2025-11-13 16:20:00,10414899,1041489.9,39696387.5385
2025-11-13 16:25:00,10474800,1047480.0,39719394.12
2025-11-13 16:30:00,10485349,1048534.9,39825452.5718
2025-11-13 16:35:00,10488784,1048878.4,39843743.7808
2025-11-13 16:40:00,10490859,1049085.9,39905129.4642
2025-11-13 16:45:00,10502498,1050249.8,39808668.4192
2025-11-13 16:50:00,10492364,1049236.4,39839506.108
2025-11-13 16:55:00,10507327,1050732.7,39812262.003
2025-11-13 17:00:00,10494458,1049445.8,39738314.6628
2025-11-13 17:05:00,10437019,1043701.9,39516641.3378
2025-11-13 17:10:00,10439343,1043934.3,39510825.3864
2025-11-13 17:15:00,10441383,1044138.3,39462162.9102
2025-11-13 17:20:00,10510296,1051029.6,39546039.7296
2025-11-13 17:25:00,10530770,1053077.0,39632552.895
2025-11-13 17:30:00,10527289,1052728.9,39681563.1566
2025-11-13 17:35:00,10495617,1049561.7,39637747.1622
2025-11-13 17:40:00,10507470,1050747.0,39520696.164
2025-11-13 17:45:00,10508119,1050811.9,39198436.3057
2025-11-13 17:50:00,10522338,1052233.8,39477707.7084
2025-11-13 17:55:00,10512423,1051242.3,39341691.8352
2025-11-13 18:00:00,10530236,1053023.6,39325166.342
2025-11-13 18:05:00,10508480,1050848.0,39179816.832
2025-11-13 18:10:00,10513964,1051396.4,39069890.224
2025-11-13 18:15:00,10569045,1056904.5,39086442.219
2025-11-13 18:20:00,10558967,1055896.7,39181158.8469
2025-11-13 18:25:00,10556149,1055614.9,39083086.0576
2025-11-13 18:30:00,10565757,1056575.7,39028849.7823
2025-11-13 18:35:00,10550465,1055046.5,39032500.314
2025-11-13 18:40:00,10600409,1060040.9,38926821.9298
2025-11-13 18:45:00,10460197,1046019.7,38907748.7612
2025-11-13 18:50:00,10496809,1049680.9,39043930.7564
2025-11-13 18:55:00,10487207,1048720.7,38972558.6534
2025-11-13 19:00:00,10530533,1053053.3,39534780.0419
2025-11-13 19:05:00,10653659,1065365.9,40213301.2614
2025-11-13 19:10:00,10703030,1070303.0,40393235.22
2025-11-13 19:15:00,10728491,1072849.1,40774702.8946
2025-11-13 19:20:00,10738372,1073837.2,40544871.1604
2025-11-13 19:25:00,10674150,1067415.0,40190309.58
2025-11-13 19:30:00,10703431,1070343.1,40612028.2433
2025-11-13 19:35:00,10771205,1077120.5,40851949.2035
2025-11-13 19:40:00,10796303,1079630.3,40589780.7588
2025-11-13 19:45:00,10777270,1077727.0,40592587.455
2025-11-13 19:50:00,10810631,1081063.1,40552839.0072
2025-11-13 19:55:00,10808511,1080851.1,40627031.1468
2025-11-13 20:00:00,10793418,1079341.8,40400842.9158
2025-11-13 20:05:00,10789381,1078938.1,40308048.4779
2025-11-13 20:10:00,10769385,1076938.5,40141805.649
2025-11-13 20:15:00,10722024,1072202.4,40002799.3416
2025-11-13 20:20:00,10706881,1070688.1,39818890.439
2025-11-13 20:25:00,10706612,1070661.2,39914249.536
2025-11-13 20:30:00,10718848,1071884.8,40298580.9408
2025-11-13 20:35:00,10759670,1075967.0,40471422.738
2025-11-13 20:40:00,10750322,1075032.2,40721144.7038
2025-11-13 20:45:00,10755259,1075525.9,40610782.4581
2025-11-13 20:50:00,10776975,1077697.5,40624884.96
2025-11-13 20:55:00,10772132,1077213.2,40498907.4672
2025-11-13 21:00:00,10796187,1079618.7,40452233.0703
2025-11-13 21:05:00,10851622,1085162.2,40706604.4464
2025-11-13 21:10:00,10833633,1083363.3,40968466.5528
